name,energy,flux
Ni01,52.75,3.3333333333333335e-07
Ni01,52.85000000000001,1e-06
Ni01,52.95,5e-06
Ni01,53.05,1.7666666666666668e-05
Ni01,53.150000000000006,4.8333333333333334e-05
Ni01,53.25,0.00010866666666666666
Ni01,53.35000000000001,0.000234
Ni01,53.45,0.000479
Ni01,53.55,0.000989
Ni01,53.650000000000006,0.0018933333333333332
Ni01,53.75,0.0033326666666666665
Ni01,53.85000000000001,0.005638
Ni01,53.95,0.009186333333333333
Ni01,54.05,0.014333333333333333
Ni01,54.150000000000006,0.021168666666666665
Ni01,54.25,0.02986
Ni01,54.35000000000001,0.040321333333333334
Ni01,54.45,0.05168966666666667
Ni01,54.55,0.06313333333333333
Ni01,54.650000000000006,0.07333266666666667
Ni01,54.75,0.08186433333333333
Ni01,54.85000000000001,0.08682833333333333
Ni01,54.95,0.087488
Ni01,55.05,0.08365833333333333
Ni01,55.150000000000006,0.07655866666666666
Ni01,55.25,0.067236
Ni01,55.35000000000001,0.055919
Ni01,55.45,0.04422366666666667
Ni01,55.55,0.03353133333333334
Ni01,55.650000000000006,0.024095333333333333
Ni01,55.75,0.016566
Ni01,55.85000000000001,0.010782333333333333
Ni01,55.95,0.006748
Ni01,56.05,0.004019
Ni01,56.150000000000006,0.0022843333333333335
Ni01,56.25,0.0012246666666666667
Ni01,56.35000000000001,0.0006413333333333334
Ni01,56.45,0.00031133333333333333
Ni01,56.55,0.00013866666666666666
Ni01,56.650000000000006,6.5e-05
Ni01,56.75,2.4333333333333333e-05
Ni01,56.85000000000001,9.333333333333333e-06
Ni01,56.95,4.666666666666666e-06
Ni01,57.05,3e-06
Ni01,57.150000000000006,2e-06
Ni01,57.25,6.666666666666667e-07
Sn01,52.55,3.3333333333333335e-07
Sn01,52.650000000000006,1.3333333333333334e-06
Sn01,52.75,7.333333333333333e-06
Sn01,52.85000000000001,1.5666666666666667e-05
Sn01,52.95,5.633333333333333e-05
Sn01,53.05,0.00011533333333333334
Sn01,53.150000000000006,0.00024566666666666666
Sn01,53.25,0.0004993333333333333
Sn01,53.35000000000001,0.001021
Sn01,53.45,0.0019243333333333332
Sn01,53.55,0.0033656666666666665
Sn01,53.650000000000006,0.005666
Sn01,53.75,0.009196666666666667
Sn01,53.85000000000001,0.014216666666666667
Sn01,53.95,0.020937
Sn01,54.05,0.029478
Sn01,54.150000000000006,0.03964433333333333
Sn01,54.25,0.05067666666666667
Sn01,54.35000000000001,0.061925
Sn01,54.45,0.07213666666666667
Sn01,54.55,0.08049333333333333
Sn01,54.650000000000006,0.08554166666666667
Sn01,54.75,0.086592
Sn01,54.85000000000001,0.08340433333333333
Sn01,54.95,0.07681633333333333
Sn01,55.05,0.06753
Sn01,55.150000000000006,0.05680166666666667
Sn01,55.25,0.045526333333333335
Sn01,55.35000000000001,0.034685
Sn01,55.45,0.025248
Sn01,55.55,0.017542
Sn01,55.650000000000006,0.011566333333333333
Sn01,55.75,0.007313666666666667
Sn01,55.85000000000001,0.004445
Sn01,55.95,0.0025556666666666666
Sn01,56.05,0.0014003333333333333
Sn01,56.150000000000006,0.0007463333333333333
Sn01,56.25,0.000358
Sn01,56.35000000000001,0.00017533333333333333
Sn01,56.45,7.333333333333333e-05
Sn01,56.55,3.0333333333333333e-05
Sn01,56.650000000000006,1.3666666666666667e-05
Sn01,56.75,6.333333333333333e-06
Sn01,56.85000000000001,3e-06
Sn01,56.95,1.6666666666666667e-06
Sn01,57.05,6.666666666666667e-07
Sn01,57.150000000000006,3.3333333333333335e-07
Ta01,52.35000000000001,3.3333333333333335e-07
Ta01,52.45,3.3333333333333335e-07
Ta01,52.55,3e-06
Ta01,52.650000000000006,1.5e-05
Ta01,52.75,3.633333333333333e-05
Ta01,52.85000000000001,9.133333333333334e-05
Ta01,52.95,0.00019566666666666666
Ta01,53.05,0.00039466666666666665
Ta01,53.150000000000006,0.000836
Ta01,53.25,0.001634
Ta01,53.35000000000001,0.002909333333333333
Ta01,53.45,0.004937666666666667
Ta01,53.55,0.008100333333333333
Ta01,53.650000000000006,0.012859
Ta01,53.75,0.019203333333333333
Ta01,53.85000000000001,0.027333666666666666
Ta01,53.95,0.037402333333333336
Ta01,54.05,0.048491
Ta01,54.150000000000006,0.05998233333333333
Ta01,54.25,0.07070833333333333
Ta01,54.35000000000001,0.079519
Ta01,54.45,0.085643
Ta01,54.55,0.08759966666666667
Ta01,54.650000000000006,0.084893
Ta01,54.75,0.078629
Ta01,54.85000000000001,0.07001733333333333
Ta01,54.95,0.059054333333333334
Ta01,55.05,0.047463
Ta01,55.150000000000006,0.03639133333333333
Ta01,55.25,0.026655
Ta01,55.35000000000001,0.018512666666666667
Ta01,55.45,0.012310666666666666
Ta01,55.55,0.007763333333333333
Ta01,55.650000000000006,0.004704
Ta01,55.75,0.00272
Ta01,55.85000000000001,0.001488
Ta01,55.95,0.0007893333333333333
Ta01,56.05,0.00038833333333333336
Ta01,56.150000000000006,0.000189
Ta01,56.25,7.733333333333333e-05
Ta01,56.35000000000001,3.3333333333333335e-05
Ta01,56.45,1.2e-05
Ta01,56.55,6e-06
Ta01,56.650000000000006,4e-06
Ta01,56.75,2.666666666666667e-06
Ta01,56.85000000000001,3.3333333333333335e-07
Ta01,56.95,3.3333333333333335e-07
Cu01,52.25,3.3333333333333335e-07
Cu01,52.35000000000001,1.6666666666666667e-06
Cu01,52.45,7.333333333333333e-06
Cu01,52.55,2.0333333333333334e-05
Cu01,52.650000000000006,6.7e-05
Cu01,52.75,0.00013366666666666667
Cu01,52.85000000000001,0.00028333333333333335
Cu01,52.95,0.000573
Cu01,53.05,0.0011736666666666666
Cu01,53.150000000000006,0.0021973333333333333
Cu01,53.25,0.0037973333333333336
Cu01,53.35000000000001,0.006311
Cu01,53.45,0.010198333333333334
Cu01,53.55,0.015653
Cu01,53.650000000000006,0.022876
Cu01,53.75,0.03187266666666667
Cu01,53.85000000000001,0.042550333333333336
Cu01,53.95,0.05386266666666667
Cu01,54.05,0.06490633333333333
Cu01,54.150000000000006,0.07505766666666666
Cu01,54.25,0.08271833333333334
Cu01,54.35000000000001,0.08687666666666667
Cu01,54.45,0.086591
Cu01,54.55,0.08216366666666666
Cu01,54.650000000000006,0.07468633333333333
Cu01,54.75,0.065104
Cu01,54.85000000000001,0.05369
Cu01,54.95,0.04218533333333333
Cu01,55.05,0.03176866666666667
Cu01,55.150000000000006,0.022778666666666666
Cu01,55.25,0.015495333333333333
Cu01,55.35000000000001,0.010067333333333333
Cu01,55.45,0.006265
Cu01,55.55,0.003731
Cu01,55.650000000000006,0.0021013333333333335
Cu01,55.75,0.001131
Cu01,55.85000000000001,0.0005906666666666666
Cu01,55.95,0.00028333333333333335
Cu01,56.05,0.00012966666666666666
Cu01,56.150000000000006,5.933333333333334e-05
Cu01,56.25,2.1666666666666667e-05
Cu01,56.35000000000001,9e-06
Cu01,56.45,4e-06
Cu01,56.55,3.3333333333333333e-06
Cu01,56.650000000000006,1.6666666666666667e-06
Cu01,56.75,6.666666666666667e-07
Al_degrader_A1,47.05,1.1111111111111111e-07
Al_degrader_A1,47.150000000000006,0.0
Al_degrader_A1,47.25,1e-06
Al_degrader_A1,47.35000000000001,3.111111111111111e-06
Al_degrader_A1,47.45,5.888888888888889e-06
Al_degrader_A1,47.55,1.4333333333333334e-05
Al_degrader_A1,47.650000000000006,2.611111111111111e-05
Al_degrader_A1,47.75,5.388888888888889e-05
Al_degrader_A1,47.85000000000001,0.000103
Al_degrader_A1,47.95,0.00019544444444444446
Al_degrader_A1,48.05,0.0003301111111111111
Al_degrader_A1,48.150000000000006,0.000529
Al_degrader_A1,48.25,0.0008532222222222222
Al_degrader_A1,48.35000000000001,0.0013191111111111112
Al_degrader_A1,48.45,0.002004888888888889
Al_degrader_A1,48.55,0.002778111111111111
Al_degrader_A1,48.650000000000006,0.0038285555555555555
Al_degrader_A1,48.75,0.005030333333333334
Al_degrader_A1,48.85000000000001,0.006405888888888889
Al_degrader_A1,48.95,0.007832444444444444
Al_degrader_A1,49.05,0.009414555555555556
Al_degrader_A1,49.150000000000006,0.011070666666666666
Al_degrader_A1,49.25,0.012301666666666667
Al_degrader_A1,49.35000000000001,0.013515777777777778
Al_degrader_A1,49.45,0.014414888888888889
Al_degrader_A1,49.55,0.015221555555555556
Al_degrader_A1,49.650000000000006,0.01586366666666667
Al_degrader_A1,49.75,0.016756
Al_degrader_A1,49.85000000000001,0.016702666666666668
Al_degrader_A1,49.95,0.017044555555555556
Al_degrader_A1,50.05,0.017042444444444443
Al_degrader_A1,50.150000000000006,0.017157333333333333
Al_degrader_A1,50.25,0.01720411111111111
Al_degrader_A1,50.35000000000001,0.01757388888888889
Al_degrader_A1,50.45,0.017319333333333332
Al_degrader_A1,50.55,0.01741511111111111
Al_degrader_A1,50.650000000000006,0.017482333333333332
Al_degrader_A1,50.75,0.017430444444444443
Al_degrader_A1,50.85000000000001,0.017424666666666668
Al_degrader_A1,50.95,0.017455444444444444
Al_degrader_A1,51.05,0.017559444444444443
Al_degrader_A1,51.150000000000006,0.017597555555555557
Al_degrader_A1,51.25,0.01765488888888889
Al_degrader_A1,51.35000000000001,0.017561333333333335
Al_degrader_A1,51.45,0.01757077777777778
Al_degrader_A1,51.55,0.017646444444444444
Al_degrader_A1,51.650000000000006,0.01772422222222222
Al_degrader_A1,51.75,0.017708222222222222
Al_degrader_A1,51.85000000000001,0.01784488888888889
Al_degrader_A1,51.95,0.017737666666666665
Al_degrader_A1,52.05,0.017750333333333333
Al_degrader_A1,52.150000000000006,0.01778411111111111
Al_degrader_A1,52.25,0.017916111111111112
Al_degrader_A1,52.35000000000001,0.017818
Al_degrader_A1,52.45,0.017978555555555557
Al_degrader_A1,52.55,0.017947222222222222
Al_degrader_A1,52.650000000000006,0.01794611111111111
Al_degrader_A1,52.75,0.017904666666666666
Al_degrader_A1,52.85000000000001,0.018040444444444446
Al_degrader_A1,52.95,0.017993333333333333
Al_degrader_A1,53.05,0.01810288888888889
Al_degrader_A1,53.150000000000006,0.018159111111111112
Al_degrader_A1,53.25,0.01807488888888889
Al_degrader_A1,53.35000000000001,0.01806122222222222
Al_degrader_A1,53.45,0.018113
Al_degrader_A1,53.55,0.018096
Al_degrader_A1,53.650000000000006,0.018078666666666666
Al_degrader_A1,53.75,0.017983444444444444
Al_degrader_A1,53.85000000000001,0.01765711111111111
Al_degrader_A1,53.95,0.01727722222222222
Al_degrader_A1,54.05,0.016743222222222222
Al_degrader_A1,54.150000000000006,0.01607311111111111
Al_degrader_A1,54.25,0.015016222222222222
Al_degrader_A1,54.35000000000001,0.013798111111111112
Al_degrader_A1,54.45,0.012172
Al_degrader_A1,54.55,0.010537555555555555
Al_degrader_A1,54.650000000000006,0.008780444444444445
Al_degrader_A1,54.75,0.007107111111111111
Al_degrader_A1,54.85000000000001,0.005449777777777777
Al_degrader_A1,54.95,0.004044
Al_degrader_A1,55.05,0.002878
Al_degrader_A1,55.150000000000006,0.001952111111111111
Al_degrader_A1,55.25,0.00125
Al_degrader_A1,55.35000000000001,0.0007788888888888889
Al_degrader_A1,55.45,0.00046688888888888887
Al_degrader_A1,55.55,0.0002576666666666667
Al_degrader_A1,55.650000000000006,0.0001448888888888889
Al_degrader_A1,55.75,7.233333333333333e-05
Al_degrader_A1,55.85000000000001,3.633333333333333e-05
Al_degrader_A1,55.95,1.611111111111111e-05
Al_degrader_A1,56.05,6.333333333333333e-06
Al_degrader_A1,56.150000000000006,3.111111111111111e-06
Al_degrader_A1,56.25,1e-06
Al_degrader_A1,56.35000000000001,5.555555555555555e-07
Al_degrader_A1,56.45,4.4444444444444444e-07
Al_degrader_A1,56.55,1.1111111111111111e-07
Al_degrader_A1,56.650000000000006,1.1111111111111111e-07
Ni02,46.85000000000001,3.3333333333333335e-07
Ni02,46.95,3.3333333333333335e-07
Ni02,47.05,2e-06
Ni02,47.150000000000006,1.1333333333333334e-05
Ni02,47.25,2.5333333333333334e-05
Ni02,47.35000000000001,6.666666666666667e-05
Ni02,47.45,0.00012966666666666666
Ni02,47.55,0.000257
Ni02,47.650000000000006,0.000492
Ni02,47.75,0.000979
Ni02,47.85000000000001,0.001743
Ni02,47.95,0.002928333333333333
Ni02,48.05,0.00479
Ni02,48.150000000000006,0.007475666666666667
Ni02,48.25,0.011601
Ni02,48.35000000000001,0.016809333333333332
Ni02,48.45,0.023543333333333333
Ni02,48.55,0.031538666666666666
Ni02,48.650000000000006,0.040821
Ni02,48.75,0.050388666666666665
Ni02,48.85000000000001,0.059882333333333336
Ni02,48.95,0.06908933333333334
Ni02,49.05,0.07603933333333333
Ni02,49.150000000000006,0.08017733333333334
Ni02,49.25,0.080581
Ni02,49.35000000000001,0.077903
Ni02,49.45,0.07240333333333333
Ni02,49.55,0.06543366666666667
Ni02,49.650000000000006,0.05616633333333333
Ni02,49.75,0.046407666666666667
Ni02,49.85000000000001,0.036255
Ni02,49.95,0.027642333333333335
Ni02,50.05,0.020097
Ni02,50.150000000000006,0.014103333333333334
Ni02,50.25,0.009411666666666667
Ni02,50.35000000000001,0.006140333333333334
Ni02,50.45,0.003754
Ni02,50.55,0.0022316666666666665
Ni02,50.650000000000006,0.001273
Ni02,50.75,0.000698
Ni02,50.85000000000001,0.0003646666666666667
Ni02,50.95,0.00018766666666666666
Ni02,51.05,8.8e-05
Ni02,51.150000000000006,3.5333333333333336e-05
Ni02,51.25,1.6666666666666667e-05
Ni02,51.35000000000001,5.666666666666667e-06
Ni02,51.45,4.333333333333333e-06
Ni02,51.55,3e-06
Ni02,51.650000000000006,1.6666666666666667e-06
Ni02,51.75,6.666666666666667e-07
Sn02,46.650000000000006,3.3333333333333335e-07
Sn02,46.75,1e-06
Sn02,46.85000000000001,4e-06
Sn02,46.95,1.3333333333333333e-05
Sn02,47.05,3.266666666666666e-05
Sn02,47.150000000000006,7.5e-05
Sn02,47.25,0.00014333333333333334
Sn02,47.35000000000001,0.000306
Sn02,47.45,0.000573
Sn02,47.55,0.0010796666666666667
Sn02,47.650000000000006,0.0018916666666666667
Sn02,47.75,0.003174
Sn02,47.85000000000001,0.005085
Sn02,47.95,0.007971333333333334
Sn02,48.05,0.012140666666666666
Sn02,48.150000000000006,0.017433666666666667
Sn02,48.25,0.024276
Sn02,48.35000000000001,0.03209533333333333
Sn02,48.45,0.041277
Sn02,48.55,0.050734666666666664
Sn02,48.650000000000006,0.06054866666666667
Sn02,48.75,0.068667
Sn02,48.85000000000001,0.07532133333333334
Sn02,48.95,0.079563
Sn02,49.05,0.079566
Sn02,49.150000000000006,0.077087
Sn02,49.25,0.07150166666666667
Sn02,49.35000000000001,0.06466766666666666
Sn02,49.45,0.05570166666666666
Sn02,49.55,0.046044666666666664
Sn02,49.650000000000006,0.036061666666666665
Sn02,49.75,0.027674333333333332
Sn02,49.85000000000001,0.020189666666666668
Sn02,49.95,0.014234333333333333
Sn02,50.05,0.009578
Sn02,50.150000000000006,0.006259333333333334
Sn02,50.25,0.003898
Sn02,50.35000000000001,0.002321
Sn02,50.45,0.0013293333333333334
Sn02,50.55,0.000731
Sn02,50.650000000000006,0.00037766666666666667
Sn02,50.75,0.00019466666666666666
Sn02,50.85000000000001,9.766666666666666e-05
Sn02,50.95,4.133333333333333e-05
Sn02,51.05,1.8e-05
Sn02,51.150000000000006,7.666666666666667e-06
Sn02,51.25,4.666666666666666e-06
Sn02,51.35000000000001,3e-06
Sn02,51.45,1.6666666666666667e-06
Sn02,51.55,3.3333333333333335e-07
Sn02,51.650000000000006,3.3333333333333335e-07
Ta02,46.45,3.3333333333333335e-07
Ta02,46.55,3.3333333333333335e-07
Ta02,46.650000000000006,2e-06
Ta02,46.75,1.1333333333333334e-05
Ta02,46.85000000000001,2.3333333333333332e-05
Ta02,46.95,6.833333333333333e-05
Ta02,47.05,0.00012966666666666666
Ta02,47.150000000000006,0.000254
Ta02,47.25,0.0004926666666666666
Ta02,47.35000000000001,0.0009806666666666666
Ta02,47.45,0.0017406666666666666
Ta02,47.55,0.0029013333333333335
Ta02,47.650000000000006,0.004733
Ta02,47.75,0.007414
Ta02,47.85000000000001,0.011473
Ta02,47.95,0.016652333333333335
Ta02,48.05,0.023274666666666666
Ta02,48.150000000000006,0.031262
Ta02,48.25,0.04038766666666667
Ta02,48.35000000000001,0.05001866666666667
Ta02,48.45,0.059374
Ta02,48.55,0.06845266666666666
Ta02,48.650000000000006,0.07590066666666667
Ta02,48.75,0.079802
Ta02,48.85000000000001,0.08016833333333333
Ta02,48.95,0.077864
Ta02,49.05,0.07252633333333333
Ta02,49.150000000000006,0.06549833333333334
Ta02,49.25,0.056884
Ta02,49.35000000000001,0.04683333333333333
Ta02,49.45,0.036748666666666666
Ta02,49.55,0.028089333333333334
Ta02,49.650000000000006,0.02053666666666667
Ta02,49.75,0.014413
Ta02,49.85000000000001,0.009708
Ta02,49.95,0.006345666666666667
Ta02,50.05,0.0039243333333333335
Ta02,50.150000000000006,0.0023296666666666665
Ta02,50.25,0.0013306666666666666
Ta02,50.35000000000001,0.0007226666666666667
Ta02,50.45,0.000382
Ta02,50.55,0.000186
Ta02,50.650000000000006,9e-05
Ta02,50.75,3.733333333333333e-05
Ta02,50.85000000000001,1.633333333333333e-05
Ta02,50.95,6.333333333333333e-06
Ta02,51.05,4e-06
Ta02,51.150000000000006,3.3333333333333333e-06
Ta02,51.25,1.6666666666666667e-06
Ta02,51.35000000000001,6.666666666666667e-07
Cu02,46.35000000000001,6.666666666666667e-07
Cu02,46.45,1.6666666666666667e-06
Cu02,46.55,7e-06
Cu02,46.650000000000006,1.8e-05
Cu02,46.75,4.6666666666666665e-05
Cu02,46.85000000000001,0.00010066666666666667
Cu02,46.95,0.000198
Cu02,47.05,0.0003863333333333333
Cu02,47.150000000000006,0.000758
Cu02,47.25,0.0014043333333333334
Cu02,47.35000000000001,0.0024246666666666666
Cu02,47.45,0.003916333333333333
Cu02,47.55,0.006227333333333333
Cu02,47.650000000000006,0.009630666666666666
Cu02,47.75,0.014400666666666668
Cu02,47.85000000000001,0.020525
Cu02,47.95,0.027759333333333334
Cu02,48.05,0.03641066666666667
Cu02,48.150000000000006,0.045891
Cu02,48.25,0.05542766666666667
Cu02,48.35000000000001,0.06496933333333334
Cu02,48.45,0.07253166666666666
Cu02,48.55,0.07817133333333333
Cu02,48.650000000000006,0.08011733333333333
Cu02,48.75,0.07904833333333333
Cu02,48.85000000000001,0.07479966666666667
Cu02,48.95,0.06838233333333334
Cu02,49.05,0.060688
Cu02,49.150000000000006,0.05116933333333333
Cu02,49.25,0.04108133333333333
Cu02,49.35000000000001,0.031746333333333335
Cu02,49.45,0.023753666666666666
Cu02,49.55,0.016959666666666668
Cu02,49.650000000000006,0.011698
Cu02,49.75,0.007716666666666667
Cu02,49.85000000000001,0.004919333333333334
Cu02,49.95,0.0029866666666666665
Cu02,50.05,0.0017376666666666667
Cu02,50.150000000000006,0.000976
Cu02,50.25,0.0005173333333333333
Cu02,50.35000000000001,0.000263
Cu02,50.45,0.000127
Cu02,50.55,5.833333333333333e-05
Cu02,50.650000000000006,2.5333333333333334e-05
Cu02,50.75,9.666666666666667e-06
Cu02,50.85000000000001,4.666666666666666e-06
Cu02,50.95,3.6666666666666666e-06
Cu02,51.05,2.666666666666667e-06
Cu02,51.150000000000006,6.666666666666667e-07
Cu02,51.25,3.3333333333333335e-07
Al_degrader_B2,42.45,1.25e-07
Al_degrader_B2,42.55,3.75e-07
Al_degrader_B2,42.650000000000006,1.5e-06
Al_degrader_B2,42.75,3.625e-06
Al_degrader_B2,42.85000000000001,7.5e-06
Al_degrader_B2,42.95,1.6875e-05
Al_degrader_B2,43.05,2.7625e-05
Al_degrader_B2,43.150000000000006,5.5e-05
Al_degrader_B2,43.25,0.00010325
Al_degrader_B2,43.35000000000001,0.00018625
Al_degrader_B2,43.45,0.000312
Al_degrader_B2,43.55,0.000484625
Al_degrader_B2,43.650000000000006,0.000763375
Al_degrader_B2,43.75,0.001162875
Al_degrader_B2,43.85000000000001,0.001749125
Al_degrader_B2,43.95,0.002519375
Al_degrader_B2,44.05,0.003416875
Al_degrader_B2,44.150000000000006,0.0045775
Al_degrader_B2,44.25,0.005940375
Al_degrader_B2,44.35000000000001,0.0074715
Al_degrader_B2,44.45,0.0092125
Al_degrader_B2,44.55,0.01096925
Al_degrader_B2,44.650000000000006,0.012930375
Al_degrader_B2,44.75,0.014581875
Al_degrader_B2,44.85000000000001,0.01617525
Al_degrader_B2,44.95,0.017549375
Al_degrader_B2,45.05,0.018796125
Al_degrader_B2,45.150000000000006,0.020095625
Al_degrader_B2,45.25,0.0208015
Al_degrader_B2,45.35000000000001,0.021567
Al_degrader_B2,45.45,0.021854125
Al_degrader_B2,45.55,0.022228625
Al_degrader_B2,45.650000000000006,0.022434625
Al_degrader_B2,45.75,0.022861875
Al_degrader_B2,45.85000000000001,0.023042875
Al_degrader_B2,45.95,0.022905875
Al_degrader_B2,46.05,0.02291675
Al_degrader_B2,46.150000000000006,0.022979625
Al_degrader_B2,46.25,0.02326575
Al_degrader_B2,46.35000000000001,0.02321225
Al_degrader_B2,46.45,0.023307125
Al_degrader_B2,46.55,0.023158875
Al_degrader_B2,46.650000000000006,0.02320925
Al_degrader_B2,46.75,0.023378625
Al_degrader_B2,46.85000000000001,0.023378875
Al_degrader_B2,46.95,0.02355625
Al_degrader_B2,47.05,0.023429375
Al_degrader_B2,47.150000000000006,0.02340425
Al_degrader_B2,47.25,0.023331125
Al_degrader_B2,47.35000000000001,0.0237195
Al_degrader_B2,47.45,0.0237415
Al_degrader_B2,47.55,0.023535375
Al_degrader_B2,47.650000000000006,0.02345025
Al_degrader_B2,47.75,0.023374375
Al_degrader_B2,47.85000000000001,0.023492375
Al_degrader_B2,47.95,0.023351875
Al_degrader_B2,48.05,0.02274825
Al_degrader_B2,48.150000000000006,0.022177375
Al_degrader_B2,48.25,0.021398
Al_degrader_B2,48.35000000000001,0.020690125
Al_degrader_B2,48.45,0.019262375
Al_degrader_B2,48.55,0.01795175
Al_degrader_B2,48.650000000000006,0.01601
Al_degrader_B2,48.75,0.014016375
Al_degrader_B2,48.85000000000001,0.01206075
Al_degrader_B2,48.95,0.0100335
Al_degrader_B2,49.05,0.00829
Al_degrader_B2,49.150000000000006,0.00632775
Al_degrader_B2,49.25,0.004771625
Al_degrader_B2,49.35000000000001,0.0034745
Al_degrader_B2,49.45,0.002463375
Al_degrader_B2,49.55,0.0016425
Al_degrader_B2,49.650000000000006,0.001094125
Al_degrader_B2,49.75,0.0006795
Al_degrader_B2,49.85000000000001,0.000407875
Al_degrader_B2,49.95,0.00023325
Al_degrader_B2,50.05,0.000132375
Al_degrader_B2,50.150000000000006,6.95e-05
Al_degrader_B2,50.25,3.4375e-05
Al_degrader_B2,50.35000000000001,1.7125e-05
Al_degrader_B2,50.45,7.375e-06
Al_degrader_B2,50.55,3.625e-06
Al_degrader_B2,50.650000000000006,1.125e-06
Al_degrader_B2,50.75,5e-07
Al_degrader_B2,50.85000000000001,3.75e-07
Al_degrader_B2,50.95,5e-07
Al_degrader_B2,51.05,1.25e-07
Ni03,42.25,3.3333333333333335e-07
Ni03,42.35000000000001,1.3333333333333334e-06
Ni03,42.45,5e-06
Ni03,42.55,1.4333333333333334e-05
Ni03,42.650000000000006,3.233333333333333e-05
Ni03,42.75,7.266666666666667e-05
Ni03,42.85000000000001,0.00013633333333333333
Ni03,42.95,0.00025633333333333335
Ni03,43.05,0.000471
Ni03,43.150000000000006,0.000888
Ni03,43.25,0.0015236666666666667
Ni03,43.35000000000001,0.0024823333333333334
Ni03,43.45,0.0039113333333333335
Ni03,43.55,0.005989
Ni03,43.650000000000006,0.008991666666666667
Ni03,43.75,0.013149333333333334
Ni03,43.85000000000001,0.018278666666666665
Ni03,43.95,0.02454833333333333
Ni03,44.05,0.031738666666666665
Ni03,44.150000000000006,0.039898333333333334
Ni03,44.25,0.048229666666666664
Ni03,44.35000000000001,0.056378333333333336
Ni03,44.45,0.064254
Ni03,44.55,0.070421
Ni03,44.650000000000006,0.07433533333333334
Ni03,44.75,0.07495466666666667
Ni03,44.85000000000001,0.07327533333333333
Ni03,44.95,0.06931366666666666
Ni03,45.05,0.06344
Ni03,45.150000000000006,0.056617
Ni03,45.25,0.048254
Ni03,45.35000000000001,0.03960466666666667
Ni03,45.45,0.031077666666666667
Ni03,45.55,0.023895
Ni03,45.650000000000006,0.017599
Ni03,45.75,0.012605
Ni03,45.85000000000001,0.008610666666666668
Ni03,45.95,0.00577
Ni03,46.05,0.0037056666666666666
Ni03,46.150000000000006,0.002292
Ni03,46.25,0.001338
Ni03,46.35000000000001,0.0007803333333333333
Ni03,46.45,0.00042366666666666665
Ni03,46.55,0.00022433333333333333
Ni03,46.650000000000006,0.000113
Ni03,46.75,5.266666666666667e-05
Ni03,46.85000000000001,2.3333333333333332e-05
Ni03,46.95,9.666666666666667e-06
Ni03,47.05,5.333333333333334e-06
Ni03,47.150000000000006,3.3333333333333333e-06
Ni03,47.25,2.666666666666667e-06
Ni03,47.35000000000001,1.6666666666666667e-06
Ni03,47.45,3.3333333333333335e-07
Sn03,41.95,3.3333333333333335e-07
Sn03,42.05,3.3333333333333335e-07
Sn03,42.150000000000006,2e-06
Sn03,42.25,1.0333333333333333e-05
Sn03,42.35000000000001,1.6666666666666667e-05
Sn03,42.45,5e-05
Sn03,42.55,9.2e-05
Sn03,42.650000000000006,0.000159
Sn03,42.75,0.0003283333333333333
Sn03,42.85000000000001,0.000606
Sn03,42.95,0.00106
Sn03,43.05,0.0017816666666666666
Sn03,43.150000000000006,0.002866
Sn03,43.25,0.0044536666666666665
Sn03,43.35000000000001,0.006791666666666666
Sn03,43.45,0.010106666666666667
Sn03,43.55,0.014324666666666666
Sn03,43.650000000000006,0.019542666666666667
Sn03,43.75,0.026226666666666665
Sn03,43.85000000000001,0.03339433333333333
Sn03,43.95,0.04154
Sn03,44.05,0.04961
Sn03,44.150000000000006,0.058113333333333336
Sn03,44.25,0.06458433333333333
Sn03,44.35000000000001,0.070428
Sn03,44.45,0.07388466666666667
Sn03,44.55,0.07397466666666666
Sn03,44.650000000000006,0.07209233333333333
Sn03,44.75,0.06774666666666666
Sn03,44.85000000000001,0.062276
Sn03,44.95,0.054423
Sn03,45.05,0.04658266666666667
Sn03,45.150000000000006,0.038297333333333336
Sn03,45.25,0.029995
Sn03,45.35000000000001,0.022899
Sn03,45.45,0.016974333333333334
Sn03,45.55,0.012165666666666667
Sn03,45.650000000000006,0.008337666666666667
Sn03,45.75,0.005546
Sn03,45.85000000000001,0.003576
Sn03,45.95,0.0022116666666666665
Sn03,46.05,0.0013136666666666668
Sn03,46.150000000000006,0.0007593333333333333
Sn03,46.25,0.000422
Sn03,46.35000000000001,0.00022133333333333334
Sn03,46.45,0.000112
Sn03,46.55,5.466666666666667e-05
Sn03,46.650000000000006,2.1333333333333335e-05
Sn03,46.75,1.2e-05
Sn03,46.85000000000001,5e-06
Sn03,46.95,3e-06
Sn03,47.05,2.333333333333333e-06
Sn03,47.150000000000006,1.6666666666666667e-06
Sn03,47.25,0.0
Sn03,47.35000000000001,3.3333333333333335e-07
Ta03,41.75,3.3333333333333335e-07
Ta03,41.85000000000001,3.3333333333333335e-07
Ta03,41.95,1.6666666666666667e-06
Ta03,42.05,7.666666666666667e-06
Ta03,42.150000000000006,1.8e-05
Ta03,42.25,4.433333333333333e-05
Ta03,42.35000000000001,8.633333333333334e-05
Ta03,42.45,0.00016966666666666668
Ta03,42.55,0.000311
Ta03,42.650000000000006,0.000572
Ta03,42.75,0.0010513333333333334
Ta03,42.85000000000001,0.0017676666666666667
Ta03,42.95,0.0028526666666666665
Ta03,43.05,0.004425
Ta03,43.150000000000006,0.006729333333333334
Ta03,43.25,0.009963666666666666
Ta03,43.35000000000001,0.014560666666666666
Ta03,43.45,0.019787666666666665
Ta03,43.55,0.026239333333333333
Ta03,43.650000000000006,0.033738
Ta03,43.75,0.04192933333333333
Ta03,43.85000000000001,0.050179666666666664
Ta03,43.95,0.05818633333333333
Ta03,44.05,0.066273
Ta03,44.150000000000006,0.07124133333333334
Ta03,44.25,0.074034
Ta03,44.35000000000001,0.07448333333333333
Ta03,44.45,0.07227233333333333
Ta03,44.55,0.06773066666666666
Ta03,44.650000000000006,0.061700333333333336
Ta03,44.75,0.05478566666666667
Ta03,44.85000000000001,0.04639833333333333
Ta03,44.95,0.03716133333333333
Ta03,45.05,0.029404333333333334
Ta03,45.150000000000006,0.022431666666666666
Ta03,45.25,0.016429
Ta03,45.35000000000001,0.011595666666666667
Ta03,45.45,0.008017666666666666
Ta03,45.55,0.005297666666666667
Ta03,45.650000000000006,0.003384
Ta03,45.75,0.0020553333333333335
Ta03,45.85000000000001,0.0012236666666666667
Ta03,45.95,0.0006926666666666666
Ta03,46.05,0.0003843333333333333
Ta03,46.150000000000006,0.00019433333333333333
Ta03,46.25,9.9e-05
Ta03,46.35000000000001,4.8e-05
Ta03,46.45,1.9333333333333333e-05
Ta03,46.55,9e-06
Ta03,46.650000000000006,4.666666666666666e-06
Ta03,46.75,3.6666666666666666e-06
Ta03,46.85000000000001,2.333333333333333e-06
Ta03,46.95,1e-06
Ta03,47.05,3.3333333333333335e-07
Cu03,41.55,3.3333333333333335e-07
Cu03,41.650000000000006,3.3333333333333335e-07
Cu03,41.75,1.3333333333333334e-06
Cu03,41.85000000000001,6e-06
Cu03,41.95,1.633333333333333e-05
Cu03,42.05,3.6e-05
Cu03,42.150000000000006,7.7e-05
Cu03,42.25,0.000144
Cu03,42.35000000000001,0.000267
Cu03,42.45,0.000501
Cu03,42.55,0.0009156666666666666
Cu03,42.650000000000006,0.0015653333333333333
Cu03,42.75,0.0025243333333333333
Cu03,42.85000000000001,0.003962333333333333
Cu03,42.95,0.006044
Cu03,43.05,0.009025
Cu03,43.150000000000006,0.013131666666666666
Cu03,43.25,0.018213
Cu03,43.35000000000001,0.024359
Cu03,43.45,0.03148533333333333
Cu03,43.55,0.03951366666666667
Cu03,43.650000000000006,0.047691333333333336
Cu03,43.75,0.05567
Cu03,43.85000000000001,0.063474
Cu03,43.95,0.06957133333333333
Cu03,44.05,0.073617
Cu03,44.150000000000006,0.07447266666666667
Cu03,44.25,0.072858
Cu03,44.35000000000001,0.06908133333333333
Cu03,44.45,0.06346033333333333
Cu03,44.55,0.056919
Cu03,44.650000000000006,0.04866466666666667
Cu03,44.75,0.04022033333333333
Cu03,44.85000000000001,0.03175833333333333
Cu03,44.95,0.024508666666666668
Cu03,45.05,0.018236
Cu03,45.150000000000006,0.013096666666666666
Cu03,45.25,0.009074333333333334
Cu03,45.35000000000001,0.006125
Cu03,45.45,0.003938666666666667
Cu03,45.55,0.002472666666666667
Cu03,45.650000000000006,0.001463
Cu03,45.75,0.000868
Cu03,45.85000000000001,0.000473
Cu03,45.95,0.0002553333333333333
Cu03,46.05,0.000126
Cu03,46.150000000000006,6.133333333333334e-05
Cu03,46.25,2.7333333333333335e-05
Cu03,46.35000000000001,1.2666666666666667e-05
Cu03,46.45,5.333333333333334e-06
Cu03,46.55,3.6666666666666666e-06
Cu03,46.650000000000006,3e-06
Cu03,46.75,1.6666666666666667e-06
Cu03,46.85000000000001,3.3333333333333335e-07
Cu03,46.95,3.3333333333333335e-07
Al_degrader_C5,38.95,1.6666666666666668e-07
Al_degrader_C5,39.05,0.0
Al_degrader_C5,39.150000000000006,8.333333333333333e-07
Al_degrader_C5,39.25,3.3333333333333333e-06
Al_degrader_C5,39.35000000000001,4.5e-06
Al_degrader_C5,39.45,1.5e-05
Al_degrader_C5,39.55,2.0666666666666666e-05
Al_degrader_C5,39.650000000000006,4.1e-05
Al_degrader_C5,39.75,7.983333333333333e-05
Al_degrader_C5,39.85000000000001,0.00013316666666666666
Al_degrader_C5,39.95,0.0002405
Al_degrader_C5,40.05,0.0003855
Al_degrader_C5,40.150000000000006,0.0005913333333333334
Al_degrader_C5,40.25,0.0009131666666666666
Al_degrader_C5,40.35000000000001,0.001362
Al_degrader_C5,40.45,0.0020255
Al_degrader_C5,40.55,0.0029308333333333335
Al_degrader_C5,40.650000000000006,0.0038973333333333334
Al_degrader_C5,40.75,0.005226
Al_degrader_C5,40.85000000000001,0.0068915
Al_degrader_C5,40.95,0.008697833333333333
Al_degrader_C5,41.05,0.010868833333333333
Al_degrader_C5,41.150000000000006,0.012978166666666667
Al_degrader_C5,41.25,0.015649333333333335
Al_degrader_C5,41.35000000000001,0.017779666666666666
Al_degrader_C5,41.45,0.020170666666666667
Al_degrader_C5,41.55,0.0224845
Al_degrader_C5,41.650000000000006,0.024262166666666668
Al_degrader_C5,41.75,0.026051333333333333
Al_degrader_C5,41.85000000000001,0.027978833333333335
Al_degrader_C5,41.95,0.028983
Al_degrader_C5,42.05,0.030306833333333335
Al_degrader_C5,42.150000000000006,0.030694166666666668
Al_degrader_C5,42.25,0.031255
Al_degrader_C5,42.35000000000001,0.032045333333333335
Al_degrader_C5,42.45,0.032170333333333336
Al_degrader_C5,42.55,0.0327995
Al_degrader_C5,42.650000000000006,0.0325035
Al_degrader_C5,42.75,0.0325245
Al_degrader_C5,42.85000000000001,0.03298333333333334
Al_degrader_C5,42.95,0.03278466666666666
Al_degrader_C5,43.05,0.033119833333333334
Al_degrader_C5,43.150000000000006,0.03262316666666667
Al_degrader_C5,43.25,0.032343
Al_degrader_C5,43.35000000000001,0.032371
Al_degrader_C5,43.45,0.03174
Al_degrader_C5,43.55,0.0313675
Al_degrader_C5,43.650000000000006,0.029988166666666666
Al_degrader_C5,43.75,0.028723666666666668
Al_degrader_C5,43.85000000000001,0.027532
Al_degrader_C5,43.95,0.025517
Al_degrader_C5,44.05,0.0237365
Al_degrader_C5,44.150000000000006,0.020873666666666665
Al_degrader_C5,44.25,0.018387833333333332
Al_degrader_C5,44.35000000000001,0.015813833333333333
Al_degrader_C5,44.45,0.013290166666666667
Al_degrader_C5,44.55,0.011072166666666666
Al_degrader_C5,44.650000000000006,0.008520166666666667
Al_degrader_C5,44.75,0.006625333333333333
Al_degrader_C5,44.85000000000001,0.004932833333333333
Al_degrader_C5,44.95,0.0035998333333333334
Al_degrader_C5,45.05,0.002512
Al_degrader_C5,45.150000000000006,0.0017023333333333333
Al_degrader_C5,45.25,0.0011403333333333333
Al_degrader_C5,45.35000000000001,0.0007195
Al_degrader_C5,45.45,0.0004381666666666667
Al_degrader_C5,45.55,0.000261
Al_degrader_C5,45.650000000000006,0.00014716666666666668
Al_degrader_C5,45.75,8.433333333333333e-05
Al_degrader_C5,45.85000000000001,4.266666666666667e-05
Al_degrader_C5,45.95,2.2e-05
Al_degrader_C5,46.05,1e-05
Al_degrader_C5,46.150000000000006,4.833333333333333e-06
Al_degrader_C5,46.25,2e-06
Al_degrader_C5,46.35000000000001,8.333333333333333e-07
Al_degrader_C5,46.45,5e-07
Al_degrader_C5,46.55,8.333333333333333e-07
Al_degrader_C5,46.650000000000006,0.0
Al_degrader_C5,46.75,1.6666666666666668e-07
Ni04,38.75,3.3333333333333335e-07
Ni04,38.85000000000001,3.3333333333333335e-07
Ni04,38.95,3e-06
Ni04,39.05,9.333333333333333e-06
Ni04,39.150000000000006,1.7666666666666668e-05
Ni04,39.25,4.7e-05
Ni04,39.35000000000001,8.366666666666666e-05
Ni04,39.45,0.00015533333333333333
Ni04,39.55,0.000285
Ni04,39.650000000000006,0.0005073333333333334
Ni04,39.75,0.000902
Ni04,39.85000000000001,0.0014793333333333334
Ni04,39.95,0.002343333333333333
Ni04,40.05,0.0035903333333333334
Ni04,40.150000000000006,0.005377666666666667
Ni04,40.25,0.007931
Ni04,40.35000000000001,0.011396666666666666
Ni04,40.45,0.015651
Ni04,40.55,0.020849333333333334
Ni04,40.650000000000006,0.026919333333333333
Ni04,40.75,0.033916666666666664
Ni04,40.85000000000001,0.04129466666666667
Ni04,40.95,0.048669333333333335
Ni04,41.05,0.056305666666666664
Ni04,41.150000000000006,0.06240933333333333
Ni04,41.25,0.06734766666666667
Ni04,41.35000000000001,0.069865
Ni04,41.45,0.07064066666666667
Ni04,41.55,0.06893533333333333
Ni04,41.650000000000006,0.06534233333333334
Ni04,41.75,0.06013633333333333
Ni04,41.85000000000001,0.05422366666666667
Ni04,41.95,0.04676533333333333
Ni04,42.05,0.039189
Ni04,42.150000000000006,0.03134566666666667
Ni04,42.25,0.024727333333333334
Ni04,42.35000000000001,0.018785
Ni04,42.45,0.013888666666666667
Ni04,42.55,0.009863333333333333
Ni04,42.650000000000006,0.006826666666666667
Ni04,42.75,0.004598
Ni04,42.85000000000001,0.0029736666666666666
Ni04,42.95,0.0018566666666666666
Ni04,43.05,0.0011116666666666666
Ni04,43.150000000000006,0.0006543333333333334
Ni04,43.25,0.00036733333333333334
Ni04,43.35000000000001,0.00020766666666666665
Ni04,43.45,0.00010466666666666667
Ni04,43.55,5.1666666666666664e-05
Ni04,43.650000000000006,2.3e-05
Ni04,43.75,1.1e-05
Ni04,43.85000000000001,4.666666666666666e-06
Ni04,43.95,3.6666666666666666e-06
Ni04,44.05,2.666666666666667e-06
Ni04,44.150000000000006,2e-06
Ni04,44.25,3.3333333333333335e-07
Ni04,44.35000000000001,3.3333333333333335e-07
Sn04,38.45,3.3333333333333335e-07
Sn04,38.55,3.3333333333333335e-07
Sn04,38.650000000000006,1.6666666666666667e-06
Sn04,38.75,7.333333333333333e-06
Sn04,38.85000000000001,1.1666666666666666e-05
Sn04,38.95,3.3333333333333335e-05
Sn04,39.05,6.633333333333334e-05
Sn04,39.150000000000006,0.000114
Sn04,39.25,0.00021566666666666666
Sn04,39.35000000000001,0.00036366666666666665
Sn04,39.45,0.00069
Sn04,39.55,0.001135
Sn04,39.650000000000006,0.0018333333333333333
Sn04,39.75,0.0028466666666666666
Sn04,39.85000000000001,0.004292
Sn04,39.95,0.006374333333333333
Sn04,40.05,0.009288333333333332
Sn04,40.150000000000006,0.012809
Sn04,40.25,0.017581333333333334
Sn04,40.35000000000001,0.023045333333333334
Sn04,40.45,0.029261333333333334
Sn04,40.55,0.036175
Sn04,40.650000000000006,0.043627
Sn04,40.75,0.05063666666666667
Sn04,40.85000000000001,0.057839
Sn04,40.95,0.06368066666666666
Sn04,41.05,0.06795733333333333
Sn04,41.150000000000006,0.069352
Sn04,41.25,0.06954433333333333
Sn04,41.35000000000001,0.06740966666666667
Sn04,41.45,0.06324533333333333
Sn04,41.55,0.05838433333333334
Sn04,41.650000000000006,0.051339333333333334
Sn04,41.75,0.044331333333333334
Sn04,41.85000000000001,0.03710533333333333
Sn04,41.95,0.029412333333333332
Sn04,42.05,0.023086333333333334
Sn04,42.150000000000006,0.017489666666666667
Sn04,42.25,0.012867666666666666
Sn04,42.35000000000001,0.009138
Sn04,42.45,0.006362
Sn04,42.55,0.0042253333333333335
Sn04,42.650000000000006,0.0027563333333333333
Sn04,42.75,0.001711
Sn04,42.85000000000001,0.0010383333333333334
Sn04,42.95,0.0006033333333333333
Sn04,43.05,0.00033266666666666666
Sn04,43.150000000000006,0.00018633333333333333
Sn04,43.25,9.933333333333334e-05
Sn04,43.35000000000001,4.8333333333333334e-05
Sn04,43.45,2e-05
Sn04,43.55,1.1666666666666666e-05
Sn04,43.650000000000006,4.333333333333333e-06
Sn04,43.75,3.6666666666666666e-06
Sn04,43.85000000000001,2.666666666666667e-06
Sn04,43.95,1.6666666666666667e-06
Sn04,44.05,3.3333333333333335e-07
Sn04,44.150000000000006,3.3333333333333335e-07
Ta04,38.25,3.3333333333333335e-07
Ta04,38.35000000000001,3.3333333333333335e-07
Ta04,38.45,1.6666666666666667e-06
Ta04,38.55,5.666666666666667e-06
Ta04,38.650000000000006,1.6e-05
Ta04,38.75,3.2e-05
Ta04,38.85000000000001,6.733333333333333e-05
Ta04,38.95,0.000123
Ta04,39.05,0.00022033333333333334
Ta04,39.150000000000006,0.000381
Ta04,39.25,0.0006993333333333334
Ta04,39.35000000000001,0.0011923333333333334
Ta04,39.45,0.001932
Ta04,39.55,0.002943
Ta04,39.650000000000006,0.004475666666666667
Ta04,39.75,0.006578
Ta04,39.85000000000001,0.009512333333333333
Ta04,39.95,0.013616
Ta04,40.05,0.018164
Ta04,40.150000000000006,0.023742666666666665
Ta04,40.25,0.030282333333333335
Ta04,40.35000000000001,0.037454666666666664
Ta04,40.45,0.044749333333333335
Ta04,40.55,0.051938
Ta04,40.650000000000006,0.05907933333333333
Ta04,40.75,0.06472166666666666
Ta04,40.85000000000001,0.06880766666666667
Ta04,40.95,0.07029966666666666
Ta04,41.05,0.06983433333333333
Ta04,41.150000000000006,0.06698433333333334
Ta04,41.25,0.06273933333333333
Ta04,41.35000000000001,0.057196333333333335
Ta04,41.45,0.051097333333333335
Ta04,41.55,0.04320533333333333
Ta04,41.650000000000006,0.03518266666666667
Ta04,41.75,0.028224666666666665
Ta04,41.85000000000001,0.021929333333333332
Ta04,41.95,0.016487
Ta04,42.05,0.011956
Ta04,42.150000000000006,0.008455666666666667
Ta04,42.25,0.005799
Ta04,42.35000000000001,0.003843333333333333
Ta04,42.45,0.0024696666666666665
Ta04,42.55,0.001515
Ta04,42.650000000000006,0.0009183333333333333
Ta04,42.75,0.0005256666666666667
Ta04,42.85000000000001,0.00029
Ta04,42.95,0.00016
Ta04,43.05,7.666666666666667e-05
Ta04,43.150000000000006,3.866666666666667e-05
Ta04,43.25,1.6e-05
Ta04,43.35000000000001,7.666666666666667e-06
Ta04,43.45,4.666666666666666e-06
Ta04,43.55,3.3333333333333333e-06
Ta04,43.650000000000006,2e-06
Ta04,43.75,1.3333333333333334e-06
Ta04,43.85000000000001,6.666666666666667e-07
Cu04,38.05,3.3333333333333335e-07
Cu04,38.150000000000006,3.3333333333333335e-07
Cu04,38.25,1.6666666666666667e-06
Cu04,38.35000000000001,5e-06
Cu04,38.45,1.4666666666666666e-05
Cu04,38.55,3e-05
Cu04,38.650000000000006,6.366666666666666e-05
Cu04,38.75,0.000114
Cu04,38.85000000000001,0.000201
Cu04,38.95,0.0003626666666666667
Cu04,39.05,0.0006413333333333334
Cu04,39.150000000000006,0.001115
Cu04,39.25,0.0018126666666666666
Cu04,39.35000000000001,0.0027616666666666666
Cu04,39.45,0.004195666666666667
Cu04,39.55,0.006196333333333333
Cu04,39.650000000000006,0.009028
Cu04,39.75,0.012746333333333333
Cu04,39.85000000000001,0.017297333333333335
Cu04,39.95,0.02273
Cu04,40.05,0.028969666666666668
Cu04,40.150000000000006,0.036073666666666664
Cu04,40.25,0.043247
Cu04,40.35000000000001,0.050402
Cu04,40.45,0.057674666666666666
Cu04,40.55,0.063467
Cu04,40.650000000000006,0.067765
Cu04,40.75,0.06973366666666667
Cu04,40.85000000000001,0.069753
Cu04,40.95,0.067474
Cu04,41.05,0.063505
Cu04,41.150000000000006,0.058213
Cu04,41.25,0.052165333333333334
Cu04,41.35000000000001,0.04472366666666667
Cu04,41.45,0.037184
Cu04,41.55,0.029691
Cu04,41.650000000000006,0.023275333333333332
Cu04,41.75,0.017650666666666665
Cu04,41.85000000000001,0.012961666666666666
Cu04,41.95,0.009184666666666667
Cu04,42.05,0.006403
Cu04,42.150000000000006,0.004300666666666667
Cu04,42.25,0.002758333333333333
Cu04,42.35000000000001,0.0017256666666666666
Cu04,42.45,0.001042
Cu04,42.55,0.0006176666666666666
Cu04,42.650000000000006,0.0003443333333333333
Cu04,42.75,0.00018433333333333333
Cu04,42.85000000000001,9.7e-05
Cu04,42.95,5.0333333333333335e-05
Cu04,43.05,2.1e-05
Cu04,43.150000000000006,1.0333333333333333e-05
Cu04,43.25,4.666666666666666e-06
Cu04,43.35000000000001,3.6666666666666666e-06
Cu04,43.45,3e-06
Cu04,43.55,1.6666666666666667e-06
Cu04,43.650000000000006,3.3333333333333335e-07
Cu04,43.75,3.3333333333333335e-07
Al_degrader_E8_E1,36.650000000000006,2.5e-07
Al_degrader_E8_E1,36.75,5e-07
Al_degrader_E8_E1,36.85,2e-06
Al_degrader_E8_E1,36.95,5.75e-06
Al_degrader_E8_E1,37.05,6e-06
Al_degrader_E8_E1,37.150000000000006,2.3e-05
Al_degrader_E8_E1,37.25,3.025e-05
Al_degrader_E8_E1,37.35,6.1e-05
Al_degrader_E8_E1,37.45,0.000111
Al_degrader_E8_E1,37.55,0.00017875
Al_degrader_E8_E1,37.650000000000006,0.00033725
Al_degrader_E8_E1,37.75,0.0005175
Al_degrader_E8_E1,37.85,0.00079775
Al_degrader_E8_E1,37.95,0.00119425
Al_degrader_E8_E1,38.05,0.00180475
Al_degrader_E8_E1,38.150000000000006,0.00262
Al_degrader_E8_E1,38.25,0.00386725
Al_degrader_E8_E1,38.35000000000001,0.005109
Al_degrader_E8_E1,38.45,0.00693225
Al_degrader_E8_E1,38.55,0.00911275
Al_degrader_E8_E1,38.650000000000006,0.0116645
Al_degrader_E8_E1,38.75,0.01479525
Al_degrader_E8_E1,38.85000000000001,0.017787
Al_degrader_E8_E1,38.95,0.0213095
Al_degrader_E8_E1,39.05,0.0255575
Al_degrader_E8_E1,39.150000000000006,0.02892025
Al_degrader_E8_E1,39.25,0.032643
Al_degrader_E8_E1,39.35000000000001,0.0359805
Al_degrader_E8_E1,39.45,0.03903525
Al_degrader_E8_E1,39.55,0.0422745
Al_degrader_E8_E1,39.650000000000006,0.0445055
Al_degrader_E8_E1,39.75,0.04637175
Al_degrader_E8_E1,39.85000000000001,0.04784775
Al_degrader_E8_E1,39.95,0.0481675
Al_degrader_E8_E1,40.05,0.048783
Al_degrader_E8_E1,40.150000000000006,0.048322
Al_degrader_E8_E1,40.25,0.047506
Al_degrader_E8_E1,40.35000000000001,0.04576225
Al_degrader_E8_E1,40.45,0.04397425
Al_degrader_E8_E1,40.55,0.04101725
Al_degrader_E8_E1,40.650000000000006,0.0380475
Al_degrader_E8_E1,40.75,0.03506125
Al_degrader_E8_E1,40.85000000000001,0.03064225
Al_degrader_E8_E1,40.95,0.026794
Al_degrader_E8_E1,41.05,0.02304525
Al_degrader_E8_E1,41.150000000000006,0.01929925
Al_degrader_E8_E1,41.25,0.0160375
Al_degrader_E8_E1,41.35000000000001,0.0124135
Al_degrader_E8_E1,41.45,0.0096795
Al_degrader_E8_E1,41.55,0.007307
Al_degrader_E8_E1,41.650000000000006,0.005421
Al_degrader_E8_E1,41.75,0.0038435
Al_degrader_E8_E1,41.85000000000001,0.00265525
Al_degrader_E8_E1,41.95,0.001804
Al_degrader_E8_E1,42.05,0.00119125
Al_degrader_E8_E1,42.150000000000006,0.00075275
Al_degrader_E8_E1,42.25,0.000456
Al_degrader_E8_E1,42.35000000000001,0.000273
Al_degrader_E8_E1,42.45,0.0001555
Al_degrader_E8_E1,42.55,8.825e-05
Al_degrader_E8_E1,42.650000000000006,4.875e-05
Al_degrader_E8_E1,42.75,2.5e-05
Al_degrader_E8_E1,42.85000000000001,1.05e-05
Al_degrader_E8_E1,42.95,7e-06
Al_degrader_E8_E1,43.05,1.75e-06
Al_degrader_E8_E1,43.150000000000006,1.5e-06
Al_degrader_E8_E1,43.25,7.5e-07
Al_degrader_E8_E1,43.35000000000001,1.25e-06
Al_degrader_E8_E1,43.45,0.0
Al_degrader_E8_E1,43.55,2.5e-07
Ni05,36.35,3.3333333333333335e-07
Ni05,36.45,0.0
Ni05,36.55,1.3333333333333334e-06
Ni05,36.650000000000006,4.666666666666666e-06
Ni05,36.75,1.0666666666666667e-05
Ni05,36.85,2.2333333333333332e-05
Ni05,36.95,5e-05
Ni05,37.05,8.633333333333334e-05
Ni05,37.150000000000006,0.000153
Ni05,37.25,0.0002773333333333333
Ni05,37.35,0.0004823333333333333
Ni05,37.45,0.0008276666666666667
Ni05,37.55,0.0013466666666666666
Ni05,37.650000000000006,0.002105333333333333
Ni05,37.75,0.0031753333333333334
Ni05,37.85,0.004673333333333333
Ni05,37.95,0.006814333333333334
Ni05,38.05,0.009798
Ni05,38.150000000000006,0.013337
Ni05,38.25,0.017855
Ni05,38.35000000000001,0.023051666666666668
Ni05,38.45,0.029086333333333332
Ni05,38.55,0.035733
Ni05,38.650000000000006,0.042536333333333336
Ni05,38.75,0.049245333333333335
Ni05,38.85000000000001,0.05603333333333333
Ni05,38.95,0.06138533333333333
Ni05,39.05,0.06558
Ni05,39.150000000000006,0.06732533333333333
Ni05,39.25,0.06756333333333334
Ni05,39.35000000000001,0.06569633333333333
Ni05,39.45,0.06231766666666667
Ni05,39.55,0.05744866666666667
Ni05,39.650000000000006,0.051986
Ni05,39.75,0.045116666666666666
Ni05,39.85000000000001,0.038220333333333335
Ni05,39.95,0.030829
Ni05,40.05,0.024665666666666666
Ni05,40.150000000000006,0.019074666666666667
Ni05,40.25,0.014300333333333333
Ni05,40.35000000000001,0.010436333333333334
Ni05,40.45,0.007371666666666667
Ni05,40.55,0.005084
Ni05,40.650000000000006,0.0033946666666666665
Ni05,40.75,0.0022156666666666666
Ni05,40.85000000000001,0.0013673333333333332
Ni05,40.95,0.0008403333333333333
Ni05,41.05,0.0004896666666666667
Ni05,41.150000000000006,0.00028166666666666666
Ni05,41.25,0.000147
Ni05,41.35000000000001,7.833333333333333e-05
Ni05,41.45,3.8e-05
Ni05,41.55,1.8e-05
Ni05,41.650000000000006,8e-06
Ni05,41.75,4.666666666666666e-06
Ni05,41.85000000000001,3.6666666666666666e-06
Ni05,41.95,2.333333333333333e-06
Ni05,42.05,1.6666666666666667e-06
Ni05,42.150000000000006,3.3333333333333335e-07
Ni05,42.25,3.3333333333333335e-07
Sn05,36.35,1e-06
Sn05,36.45,0.0
Sn05,36.55,4.333333333333333e-06
Sn05,36.650000000000006,1.4666666666666666e-05
Sn05,36.75,2.4333333333333333e-05
Sn05,36.85,5.3e-05
Sn05,36.95,0.00011266666666666666
Sn05,37.05,0.00016533333333333333
Sn05,37.150000000000006,0.00029666666666666665
Sn05,37.25,0.000539
Sn05,37.35,0.000931
Sn05,37.45,0.001534
Sn05,37.55,0.0023406666666666667
Sn05,37.650000000000006,0.0034806666666666666
Sn05,37.75,0.005186333333333334
Sn05,37.85,0.007446
Sn05,37.95,0.010650666666666666
Sn05,38.05,0.014892333333333334
Sn05,38.150000000000006,0.019115666666666666
Sn05,38.25,0.024806333333333333
Sn05,38.35000000000001,0.031293666666666664
Sn05,38.45,0.03797866666666667
Sn05,38.55,0.044937333333333336
Sn05,38.650000000000006,0.051524
Sn05,38.75,0.05776033333333333
Sn05,38.85000000000001,0.06437066666666667
Sn05,38.95,0.06659466666666666
Sn05,39.05,0.068418
Sn05,39.150000000000006,0.06763433333333334
Sn05,39.25,0.065012
Sn05,39.35000000000001,0.060904
Sn05,39.45,0.05589366666666667
Sn05,39.55,0.050041333333333333
Sn05,39.650000000000006,0.043098333333333336
Sn05,39.75,0.03517633333333333
Sn05,39.85000000000001,0.028581
Sn05,39.95,0.02238
Sn05,40.05,0.017244666666666665
Sn05,40.150000000000006,0.012596333333333333
Sn05,40.25,0.009068333333333333
Sn05,40.35000000000001,0.0064073333333333335
Sn05,40.45,0.004288
Sn05,40.55,0.0028566666666666666
Sn05,40.650000000000006,0.0017526666666666667
Sn05,40.75,0.0011233333333333334
Sn05,40.85000000000001,0.000654
Sn05,40.95,0.0003806666666666667
Sn05,41.05,0.00021466666666666666
Sn05,41.150000000000006,0.000111
Sn05,41.25,5.3666666666666666e-05
Sn05,41.35000000000001,2.8e-05
Sn05,41.45,1.1333333333333334e-05
Sn05,41.55,6.333333333333333e-06
Sn05,41.650000000000006,3e-06
Sn05,41.75,3.3333333333333333e-06
Sn05,41.85000000000001,2.666666666666667e-06
Sn05,41.95,3.3333333333333335e-07
Sn05,42.05,6.666666666666667e-07
Ta05,36.150000000000006,3.3333333333333335e-07
Ta05,36.25,3.3333333333333335e-07
Ta05,36.35,2e-06
Ta05,36.45,7.666666666666667e-06
Ta05,36.55,1.633333333333333e-05
Ta05,36.650000000000006,3.4666666666666665e-05
Ta05,36.75,6.733333333333333e-05
Ta05,36.85,0.00012633333333333333
Ta05,36.95,0.00021166666666666667
Ta05,37.05,0.000363
Ta05,37.150000000000006,0.0006423333333333333
Ta05,37.25,0.0010836666666666666
Ta05,37.35,0.00174
Ta05,37.45,0.0026386666666666668
Ta05,37.55,0.0039026666666666667
Ta05,37.650000000000006,0.0057213333333333335
Ta05,37.75,0.008234333333333333
Ta05,37.85,0.011584333333333334
Ta05,37.95,0.015629666666666667
Ta05,38.05,0.020468666666666666
Ta05,38.150000000000006,0.026138333333333333
Ta05,38.25,0.03251366666666667
Ta05,38.35000000000001,0.039186
Ta05,38.45,0.046025666666666666
Ta05,38.55,0.052448
Ta05,38.650000000000006,0.058873666666666664
Ta05,38.75,0.06372466666666667
Ta05,38.85000000000001,0.066857
Ta05,38.95,0.06781
Ta05,39.05,0.06680966666666667
Ta05,39.150000000000006,0.063822
Ta05,39.25,0.05986333333333333
Ta05,39.35000000000001,0.054629333333333335
Ta05,39.45,0.048882666666666665
Ta05,39.55,0.04158233333333333
Ta05,39.650000000000006,0.03406933333333333
Ta05,39.75,0.027635666666666666
Ta05,39.85000000000001,0.021687
Ta05,39.95,0.016586
Ta05,40.05,0.012269333333333333
Ta05,40.150000000000006,0.008734333333333334
Ta05,40.25,0.006193333333333334
Ta05,40.35000000000001,0.004181666666666667
Ta05,40.45,0.0027363333333333332
Ta05,40.55,0.0017503333333333333
Ta05,40.650000000000006,0.001067
Ta05,40.75,0.0006433333333333333
Ta05,40.85000000000001,0.000372
Ta05,40.95,0.00020733333333333332
Ta05,41.05,0.00011333333333333333
Ta05,41.150000000000006,5.6e-05
Ta05,41.25,2.6333333333333334e-05
Ta05,41.35000000000001,1.4e-05
Ta05,41.45,5.333333333333334e-06
Ta05,41.55,4e-06
Ta05,41.650000000000006,2.666666666666667e-06
Ta05,41.75,2.333333333333333e-06
Ta05,41.85000000000001,1e-06
Ta05,41.95,3.3333333333333335e-07
Cu05,35.95,3.3333333333333335e-07
Cu05,36.05,3.3333333333333335e-07
Cu05,36.150000000000006,2e-06
Cu05,36.25,8e-06
Cu05,36.35,1.5333333333333334e-05
Cu05,36.45,3.5333333333333336e-05
Cu05,36.55,6.7e-05
Cu05,36.650000000000006,0.00011866666666666667
Cu05,36.75,0.00020566666666666666
Cu05,36.85,0.000358
Cu05,36.95,0.0006226666666666667
Cu05,37.05,0.0010456666666666667
Cu05,37.150000000000006,0.0016693333333333334
Cu05,37.25,0.002545
Cu05,37.35,0.003804
Cu05,37.45,0.005542
Cu05,37.55,0.007970333333333333
Cu05,37.650000000000006,0.011231
Cu05,37.75,0.015115333333333333
Cu05,37.85,0.019856
Cu05,37.95,0.025357333333333332
Cu05,38.05,0.03158333333333333
Cu05,38.150000000000006,0.038314
Cu05,38.25,0.044928333333333334
Cu05,38.35000000000001,0.051441
Cu05,38.45,0.05782366666666667
Cu05,38.55,0.06279666666666667
Cu05,38.650000000000006,0.06628333333333333
Cu05,38.75,0.06733166666666666
Cu05,38.85000000000001,0.06677233333333334
Cu05,38.95,0.06416033333333333
Cu05,39.05,0.060228
Cu05,39.150000000000006,0.055184333333333335
Cu05,39.25,0.049500666666666665
Cu05,39.35000000000001,0.042596
Cu05,39.45,0.035561666666666665
Cu05,39.55,0.028619
Cu05,39.650000000000006,0.022630333333333332
Cu05,39.75,0.017416333333333332
Cu05,39.85000000000001,0.012976666666666666
Cu05,39.95,0.009409
Cu05,40.05,0.006578333333333334
Cu05,40.150000000000006,0.004535333333333333
Cu05,40.25,0.0029966666666666666
Cu05,40.35000000000001,0.0019133333333333333
Cu05,40.45,0.0011903333333333334
Cu05,40.55,0.000735
Cu05,40.650000000000006,0.000424
Cu05,40.75,0.00024
Cu05,40.85000000000001,0.000133
Cu05,40.95,6.333333333333333e-05
Cu05,41.05,3.1e-05
Cu05,41.150000000000006,1.5e-05
Cu05,41.25,7.333333333333333e-06
Cu05,41.35000000000001,4e-06
Cu05,41.45,2.666666666666667e-06
Cu05,41.55,2.666666666666667e-06
Cu05,41.650000000000006,1.3333333333333334e-06
Cu05,41.75,3.3333333333333335e-07
Cu05,41.85000000000001,3.3333333333333335e-07
Al_degrader_E4_E3_E2,33.650000000000006,1.6666666666666668e-07
Al_degrader_E4_E3_E2,33.75,3.3333333333333335e-07
Al_degrader_E4_E3_E2,33.85,6.666666666666667e-07
Al_degrader_E4_E3_E2,33.95,3.1666666666666667e-06
Al_degrader_E4_E3_E2,34.05,4.333333333333333e-06
Al_degrader_E4_E3_E2,34.150000000000006,1.0333333333333333e-05
Al_degrader_E4_E3_E2,34.25,1.85e-05
Al_degrader_E4_E3_E2,34.35,3.05e-05
Al_degrader_E4_E3_E2,34.45,5.0333333333333335e-05
Al_degrader_E4_E3_E2,34.55,8.883333333333333e-05
Al_degrader_E4_E3_E2,34.650000000000006,0.0001575
Al_degrader_E4_E3_E2,34.75,0.00024783333333333336
Al_degrader_E4_E3_E2,34.85,0.0003775
Al_degrader_E4_E3_E2,34.95,0.0005645
Al_degrader_E4_E3_E2,35.05,0.0008323333333333334
Al_degrader_E4_E3_E2,35.150000000000006,0.0012345
Al_degrader_E4_E3_E2,35.25,0.001744
Al_degrader_E4_E3_E2,35.35,0.0025141666666666667
Al_degrader_E4_E3_E2,35.45,0.0032851666666666667
Al_degrader_E4_E3_E2,35.55,0.004394
Al_degrader_E4_E3_E2,35.650000000000006,0.005726833333333333
Al_degrader_E4_E3_E2,35.75,0.007322
Al_degrader_E4_E3_E2,35.85,0.009188833333333334
Al_degrader_E4_E3_E2,35.95,0.011107666666666667
Al_degrader_E4_E3_E2,36.05,0.013318166666666667
Al_degrader_E4_E3_E2,36.150000000000006,0.015735
Al_degrader_E4_E3_E2,36.25,0.018436833333333333
Al_degrader_E4_E3_E2,36.35,0.020748
Al_degrader_E4_E3_E2,36.45,0.02311
Al_degrader_E4_E3_E2,36.55,0.025322166666666666
Al_degrader_E4_E3_E2,36.650000000000006,0.027762833333333334
Al_degrader_E4_E3_E2,36.75,0.029483666666666665
Al_degrader_E4_E3_E2,36.85,0.031151333333333333
Al_degrader_E4_E3_E2,36.95,0.032682
Al_degrader_E4_E3_E2,37.05,0.034079333333333336
Al_degrader_E4_E3_E2,37.150000000000006,0.035072
Al_degrader_E4_E3_E2,37.25,0.03560066666666667
Al_degrader_E4_E3_E2,37.35,0.036289
Al_degrader_E4_E3_E2,37.45,0.036846
Al_degrader_E4_E3_E2,37.55,0.03702133333333334
Al_degrader_E4_E3_E2,37.650000000000006,0.036955666666666664
Al_degrader_E4_E3_E2,37.75,0.036824333333333334
Al_degrader_E4_E3_E2,37.85,0.0366475
Al_degrader_E4_E3_E2,37.95,0.036623833333333335
Al_degrader_E4_E3_E2,38.05,0.0352895
Al_degrader_E4_E3_E2,38.150000000000006,0.0345755
Al_degrader_E4_E3_E2,38.25,0.03338583333333333
Al_degrader_E4_E3_E2,38.35000000000001,0.032022
Al_degrader_E4_E3_E2,38.45,0.030185
Al_degrader_E4_E3_E2,38.55,0.028047
Al_degrader_E4_E3_E2,38.650000000000006,0.025823
Al_degrader_E4_E3_E2,38.75,0.023484666666666668
Al_degrader_E4_E3_E2,38.85000000000001,0.020539833333333334
Al_degrader_E4_E3_E2,38.95,0.017815333333333332
Al_degrader_E4_E3_E2,39.05,0.015337333333333333
Al_degrader_E4_E3_E2,39.150000000000006,0.012814166666666666
Al_degrader_E4_E3_E2,39.25,0.010655833333333333
Al_degrader_E4_E3_E2,39.35000000000001,0.008304833333333332
Al_degrader_E4_E3_E2,39.45,0.006466666666666667
Al_degrader_E4_E3_E2,39.55,0.0049408333333333335
Al_degrader_E4_E3_E2,39.650000000000006,0.003678
Al_degrader_E4_E3_E2,39.75,0.0026401666666666665
Al_degrader_E4_E3_E2,39.85000000000001,0.0018466666666666666
Al_degrader_E4_E3_E2,39.95,0.0012908333333333333
Al_degrader_E4_E3_E2,40.05,0.0008485
Al_degrader_E4_E3_E2,40.150000000000006,0.000561
Al_degrader_E4_E3_E2,40.25,0.0003356666666666667
Al_degrader_E4_E3_E2,40.35000000000001,0.00021716666666666667
Al_degrader_E4_E3_E2,40.45,0.00012583333333333332
Al_degrader_E4_E3_E2,40.55,7.266666666666667e-05
Al_degrader_E4_E3_E2,40.650000000000006,3.933333333333333e-05
Al_degrader_E4_E3_E2,40.75,2.15e-05
Al_degrader_E4_E3_E2,40.85000000000001,1.0833333333333334e-05
Al_degrader_E4_E3_E2,40.95,4.833333333333333e-06
Al_degrader_E4_E3_E2,41.05,3e-06
Al_degrader_E4_E3_E2,41.150000000000006,1e-06
Al_degrader_E4_E3_E2,41.25,6.666666666666667e-07
Al_degrader_E4_E3_E2,41.35000000000001,5e-07
Al_degrader_E4_E3_E2,41.45,6.666666666666667e-07
Al_degrader_E4_E3_E2,41.55,0.0
Al_degrader_E4_E3_E2,41.650000000000006,1.6666666666666668e-07
Ni06,33.35,3.3333333333333335e-07
Ni06,33.45,3.3333333333333335e-07
Ni06,33.55,1e-06
Ni06,33.650000000000006,4.666666666666666e-06
Ni06,33.75,1.0333333333333333e-05
Ni06,33.85,1.6e-05
Ni06,33.95,4.266666666666667e-05
Ni06,34.05,7.066666666666667e-05
Ni06,34.150000000000006,0.00012666666666666666
Ni06,34.25,0.00021333333333333333
Ni06,34.35,0.0003443333333333333
Ni06,34.45,0.0006033333333333333
Ni06,34.55,0.000972
Ni06,34.650000000000006,0.0015236666666666667
Ni06,34.75,0.0022743333333333335
Ni06,34.85,0.0033346666666666668
Ni06,34.95,0.004774
Ni06,35.05,0.006756
Ni06,35.150000000000006,0.009532
Ni06,35.25,0.012712
Ni06,35.35,0.01669
Ni06,35.45,0.021284
Ni06,35.55,0.026515666666666667
Ni06,35.650000000000006,0.032398666666666666
Ni06,35.75,0.038439
Ni06,35.85,0.044428666666666665
Ni06,35.95,0.05024666666666667
Ni06,36.05,0.05579033333333333
Ni06,36.150000000000006,0.06015266666666667
Ni06,36.25,0.06317933333333334
Ni06,36.35,0.06398933333333333
Ni06,36.45,0.06345366666666667
Ni06,36.55,0.06120366666666667
Ni06,36.650000000000006,0.057766
Ni06,36.75,0.05338266666666667
Ni06,36.85,0.04841
Ni06,36.95,0.04222033333333333
Ni06,37.05,0.03602933333333333
Ni06,37.150000000000006,0.029444666666666668
Ni06,37.25,0.023871
Ni06,37.35,0.018762
Ni06,37.45,0.014374666666666666
Ni06,37.55,0.010703
Ni06,37.650000000000006,0.007784333333333333
Ni06,37.75,0.005547
Ni06,37.85,0.003846
Ni06,37.95,0.002552
Ni06,38.05,0.001663
Ni06,38.150000000000006,0.0010283333333333334
Ni06,38.25,0.0006593333333333334
Ni06,38.35000000000001,0.00038866666666666666
Ni06,38.45,0.000225
Ni06,38.55,0.00012533333333333334
Ni06,38.650000000000006,6.5e-05
Ni06,38.75,3.3e-05
Ni06,38.85000000000001,1.4666666666666666e-05
Ni06,38.95,7.666666666666667e-06
Ni06,39.05,4e-06
Ni06,39.150000000000006,3.6666666666666666e-06
Ni06,39.25,2.666666666666667e-06
Ni06,39.35000000000001,2e-06
Ni06,39.45,3.3333333333333335e-07
Ni06,39.55,3.3333333333333335e-07
Sn06,33.35,1e-06
Sn06,33.45,3.3333333333333335e-07
Sn06,33.55,4e-06
Sn06,33.650000000000006,1.4333333333333334e-05
Sn06,33.75,2.3e-05
Sn06,33.85,4.0333333333333336e-05
Sn06,33.95,9.9e-05
Sn06,34.05,0.00013366666666666667
Sn06,34.150000000000006,0.000228
Sn06,34.25,0.00042633333333333336
Sn06,34.35,0.0006643333333333333
Sn06,34.45,0.0011526666666666666
Sn06,34.55,0.001726
Sn06,34.650000000000006,0.0025716666666666665
Sn06,34.75,0.003687
Sn06,34.85,0.005396
Sn06,34.95,0.007462
Sn06,35.05,0.010493333333333334
Sn06,35.150000000000006,0.014345666666666666
Sn06,35.25,0.018048666666666668
Sn06,35.35,0.023071
Sn06,35.45,0.028868666666666667
Sn06,35.55,0.034724333333333336
Sn06,35.650000000000006,0.040883666666666665
Sn06,35.75,0.046844666666666666
Sn06,35.85,0.052491666666666666
Sn06,35.95,0.05862233333333333
Sn06,36.05,0.061901
Sn06,36.150000000000006,0.06365933333333333
Sn06,36.25,0.064746
Sn06,36.35,0.06302
Sn06,36.45,0.06023333333333333
Sn06,36.55,0.056323
Sn06,36.650000000000006,0.051583333333333335
Sn06,36.75,0.046719333333333335
Sn06,36.85,0.039607333333333335
Sn06,36.95,0.032982
Sn06,37.05,0.027060333333333332
Sn06,37.150000000000006,0.021525666666666665
Sn06,37.25,0.01684
Sn06,37.35,0.012610666666666666
Sn06,37.45,0.009246
Sn06,37.55,0.006709333333333334
Sn06,37.650000000000006,0.004631333333333334
Sn06,37.75,0.003216333333333333
Sn06,37.85,0.002047666666666667
Sn06,37.95,0.0013423333333333334
Sn06,38.05,0.000822
Sn06,38.150000000000006,0.0005126666666666667
Sn06,38.25,0.00028333333333333335
Sn06,38.35000000000001,0.00016966666666666668
Sn06,38.45,8.966666666666667e-05
Sn06,38.55,4.566666666666667e-05
Sn06,38.650000000000006,2.3333333333333332e-05
Sn06,38.75,1e-05
Sn06,38.85000000000001,6e-06
Sn06,38.95,2.333333333333333e-06
Sn06,39.05,3e-06
Sn06,39.150000000000006,3.3333333333333333e-06
Sn06,39.25,3.3333333333333335e-07
Sn06,39.35000000000001,6.666666666666667e-07
Ta06,33.150000000000006,3.3333333333333335e-07
Ta06,33.25,6.666666666666667e-07
Ta06,33.35,2.333333333333333e-06
Ta06,33.45,8e-06
Ta06,33.55,1.5333333333333334e-05
Ta06,33.650000000000006,3.233333333333333e-05
Ta06,33.75,6.433333333333333e-05
Ta06,33.85,0.00010533333333333334
Ta06,33.95,0.000173
Ta06,34.05,0.000301
Ta06,34.150000000000006,0.000507
Ta06,34.25,0.0008486666666666666
Ta06,34.35,0.001324
Ta06,34.45,0.002018
Ta06,34.55,0.0029256666666666667
Ta06,34.650000000000006,0.0042636666666666665
Ta06,34.75,0.006003666666666667
Ta06,34.85,0.008424
Ta06,34.95,0.011548
Ta06,35.05,0.015262
Ta06,35.150000000000006,0.019623
Ta06,35.25,0.024633
Ta06,35.35,0.030257
Ta06,35.45,0.036228
Ta06,35.55,0.042314333333333336
Ta06,35.650000000000006,0.048036333333333334
Ta06,35.75,0.053959
Ta06,35.85,0.05862166666666667
Ta06,35.95,0.062114666666666665
Ta06,36.05,0.06354866666666667
Ta06,36.150000000000006,0.06361366666666667
Ta06,36.25,0.06214666666666667
Ta06,36.35,0.059027
Ta06,36.45,0.054954333333333334
Ta06,36.55,0.050391
Ta06,36.650000000000006,0.04449533333333333
Ta06,36.75,0.03833
Ta06,36.85,0.03161233333333333
Ta06,36.95,0.025885333333333333
Ta06,37.05,0.020617666666666666
Ta06,37.150000000000006,0.015933333333333334
Ta06,37.25,0.012098
Ta06,37.35,0.008826666666666667
Ta06,37.45,0.006320666666666666
Ta06,37.55,0.004432333333333333
Ta06,37.650000000000006,0.003017
Ta06,37.75,0.0019803333333333335
Ta06,37.85,0.0012546666666666667
Ta06,37.95,0.0008016666666666667
Ta06,38.05,0.00047966666666666665
Ta06,38.150000000000006,0.00028333333333333335
Ta06,38.25,0.000155
Ta06,38.35000000000001,8.633333333333334e-05
Ta06,38.45,4.6e-05
Ta06,38.55,2.2e-05
Ta06,38.650000000000006,1.2e-05
Ta06,38.75,5e-06
Ta06,38.85000000000001,3.3333333333333333e-06
Ta06,38.95,2.666666666666667e-06
Ta06,39.05,2.333333333333333e-06
Ta06,39.150000000000006,6.666666666666667e-07
Ta06,39.25,6.666666666666667e-07
Cu06,32.85,3.3333333333333335e-07
Cu06,32.95,3.3333333333333335e-07
Cu06,33.05,6.666666666666667e-07
Cu06,33.150000000000006,3.3333333333333333e-06
Cu06,33.25,8.666666666666666e-06
Cu06,33.35,1.5e-05
Cu06,33.45,3.6666666666666666e-05
Cu06,33.55,6.466666666666666e-05
Cu06,33.650000000000006,0.00011166666666666667
Cu06,33.75,0.000185
Cu06,33.85,0.0003043333333333333
Cu06,33.95,0.0005293333333333334
Cu06,34.05,0.000874
Cu06,34.150000000000006,0.0013556666666666667
Cu06,34.25,0.0020343333333333333
Cu06,34.35,0.002972666666666667
Cu06,34.45,0.0043
Cu06,34.55,0.006068
Cu06,34.650000000000006,0.008478333333333333
Cu06,34.75,0.011592666666666666
Cu06,34.85,0.015291666666666667
Cu06,34.95,0.019569666666666666
Cu06,35.05,0.024560666666666668
Cu06,35.150000000000006,0.03012
Cu06,35.25,0.036040333333333334
Cu06,35.35,0.04197766666666667
Cu06,35.45,0.047784
Cu06,35.55,0.053651333333333336
Cu06,35.650000000000006,0.05823
Cu06,35.75,0.06162733333333333
Cu06,35.85,0.06314533333333333
Cu06,35.95,0.06334433333333334
Cu06,36.05,0.06181866666666667
Cu06,36.150000000000006,0.058936
Cu06,36.25,0.054948333333333335
Cu06,36.35,0.050433
Cu06,36.45,0.044629
Cu06,36.55,0.038543666666666664
Cu06,36.650000000000006,0.03193
Cu06,36.75,0.026185666666666666
Cu06,36.85,0.020925333333333334
Cu06,36.95,0.016255
Cu06,37.05,0.01232
Cu06,37.150000000000006,0.009087333333333333
Cu06,37.25,0.006522
Cu06,37.35,0.004606
Cu06,37.45,0.003132
Cu06,37.55,0.002093666666666667
Cu06,37.650000000000006,0.0013333333333333333
Cu06,37.75,0.000846
Cu06,37.85,0.000509
Cu06,37.95,0.00029866666666666664
Cu06,38.05,0.00016833333333333332
Cu06,38.150000000000006,9.766666666666666e-05
Cu06,38.25,5.066666666666667e-05
Cu06,38.35000000000001,2.3333333333333332e-05
Cu06,38.45,1.3333333333333333e-05
Cu06,38.55,5e-06
Cu06,38.650000000000006,4e-06
Cu06,38.75,3.3333333333333333e-06
Cu06,38.85000000000001,1.6666666666666667e-06
Cu06,38.95,1.3333333333333334e-06
Cu06,39.05,3.3333333333333335e-07
Cu06,39.150000000000006,3.3333333333333335e-07
Al_degrader_E7_E6_E5,30.35,1.4285714285714285e-07
Al_degrader_E7_E6_E5,30.450000000000003,0.0
Al_degrader_E7_E6_E5,30.55,2.857142857142857e-07
Al_degrader_E7_E6_E5,30.650000000000002,8.571428571428571e-07
Al_degrader_E7_E6_E5,30.75,2.4285714285714284e-06
Al_degrader_E7_E6_E5,30.85,3.2857142857142857e-06
Al_degrader_E7_E6_E5,30.950000000000003,7.142857142857143e-06
Al_degrader_E7_E6_E5,31.05,1.5285714285714286e-05
Al_degrader_E7_E6_E5,31.150000000000002,2.0714285714285715e-05
Al_degrader_E7_E6_E5,31.25,3.342857142857143e-05
Al_degrader_E7_E6_E5,31.35,6.114285714285714e-05
Al_degrader_E7_E6_E5,31.450000000000003,9.542857142857143e-05
Al_degrader_E7_E6_E5,31.55,0.000159
Al_degrader_E7_E6_E5,31.650000000000002,0.00024271428571428572
Al_degrader_E7_E6_E5,31.75,0.0003598571428571429
Al_degrader_E7_E6_E5,31.85,0.0005181428571428571
Al_degrader_E7_E6_E5,31.950000000000003,0.0007615714285714286
Al_degrader_E7_E6_E5,32.05,0.001077
Al_degrader_E7_E6_E5,32.150000000000006,0.0014985714285714285
Al_degrader_E7_E6_E5,32.25,0.0020755714285714284
Al_degrader_E7_E6_E5,32.35,0.0028121428571428572
Al_degrader_E7_E6_E5,32.45,0.003631714285714286
Al_degrader_E7_E6_E5,32.55,0.004668142857142857
Al_degrader_E7_E6_E5,32.650000000000006,0.0060108571428571424
Al_degrader_E7_E6_E5,32.75,0.007484571428571429
Al_degrader_E7_E6_E5,32.85,0.009059714285714286
Al_degrader_E7_E6_E5,32.95,0.010888714285714286
Al_degrader_E7_E6_E5,33.05,0.012924857142857142
Al_degrader_E7_E6_E5,33.150000000000006,0.015337142857142856
Al_degrader_E7_E6_E5,33.25,0.017179857142857143
Al_degrader_E7_E6_E5,33.35,0.019411
Al_degrader_E7_E6_E5,33.45,0.021690714285714285
Al_degrader_E7_E6_E5,33.55,0.024018428571428573
Al_degrader_E7_E6_E5,33.650000000000006,0.025620428571428572
Al_degrader_E7_E6_E5,33.75,0.027456857142857144
Al_degrader_E7_E6_E5,33.85,0.029288285714285715
Al_degrader_E7_E6_E5,33.95,0.03089357142857143
Al_degrader_E7_E6_E5,34.05,0.03201171428571429
Al_degrader_E7_E6_E5,34.150000000000006,0.03277571428571428
Al_degrader_E7_E6_E5,34.25,0.03389285714285714
Al_degrader_E7_E6_E5,34.35,0.034663428571428574
Al_degrader_E7_E6_E5,34.45,0.03503528571428571
Al_degrader_E7_E6_E5,34.55,0.03514085714285714
Al_degrader_E7_E6_E5,34.650000000000006,0.03550171428571428
Al_degrader_E7_E6_E5,34.75,0.035739428571428575
Al_degrader_E7_E6_E5,34.85,0.03541871428571428
Al_degrader_E7_E6_E5,34.95,0.034929714285714286
Al_degrader_E7_E6_E5,35.05,0.03459528571428572
Al_degrader_E7_E6_E5,35.150000000000006,0.034034
Al_degrader_E7_E6_E5,35.25,0.03302242857142857
Al_degrader_E7_E6_E5,35.35,0.03163
Al_degrader_E7_E6_E5,35.45,0.03041685714285714
Al_degrader_E7_E6_E5,35.55,0.028864428571428572
Al_degrader_E7_E6_E5,35.650000000000006,0.026942714285714285
Al_degrader_E7_E6_E5,35.75,0.024653857142857144
Al_degrader_E7_E6_E5,35.85,0.022499857142857144
Al_degrader_E7_E6_E5,35.95,0.020193857142857142
Al_degrader_E7_E6_E5,36.05,0.017631
Al_degrader_E7_E6_E5,36.150000000000006,0.01526957142857143
Al_degrader_E7_E6_E5,36.25,0.012932714285714285
Al_degrader_E7_E6_E5,36.35,0.010977571428571429
Al_degrader_E7_E6_E5,36.45,0.008795
Al_degrader_E7_E6_E5,36.55,0.007022
Al_degrader_E7_E6_E5,36.650000000000006,0.005502142857142857
Al_degrader_E7_E6_E5,36.75,0.004188
Al_degrader_E7_E6_E5,36.85,0.0031697142857142857
Al_degrader_E7_E6_E5,36.95,0.0023061428571428573
Al_degrader_E7_E6_E5,37.05,0.0016358571428571429
Al_degrader_E7_E6_E5,37.150000000000006,0.0011517142857142856
Al_degrader_E7_E6_E5,37.25,0.0007677142857142857
Al_degrader_E7_E6_E5,37.35,0.000532
Al_degrader_E7_E6_E5,37.45,0.0003312857142857143
Al_degrader_E7_E6_E5,37.55,0.00021342857142857142
Al_degrader_E7_E6_E5,37.650000000000006,0.0001292857142857143
Al_degrader_E7_E6_E5,37.75,7.757142857142857e-05
Al_degrader_E7_E6_E5,37.85,4.0428571428571426e-05
Al_degrader_E7_E6_E5,37.95,2.6142857142857144e-05
Al_degrader_E7_E6_E5,38.05,1.3285714285714287e-05
Al_degrader_E7_E6_E5,38.150000000000006,6.714285714285714e-06
Al_degrader_E7_E6_E5,38.25,4.142857142857143e-06
Al_degrader_E7_E6_E5,38.35000000000001,1.857142857142857e-06
Al_degrader_E7_E6_E5,38.45,1e-06
Al_degrader_E7_E6_E5,38.55,2.857142857142857e-07
Al_degrader_E7_E6_E5,38.650000000000006,4.2857142857142857e-07
Al_degrader_E7_E6_E5,38.75,5.714285714285714e-07
Al_degrader_E7_E6_E5,38.85000000000001,0.0
Al_degrader_E7_E6_E5,38.95,1.4285714285714285e-07
Ni07,30.150000000000002,3.3333333333333335e-07
Ni07,30.25,3.3333333333333335e-07
Ni07,30.35,1.6666666666666667e-06
Ni07,30.450000000000003,4.333333333333333e-06
Ni07,30.55,1.1e-05
Ni07,30.650000000000002,1.6666666666666667e-05
Ni07,30.75,3.8333333333333334e-05
Ni07,30.85,6.466666666666666e-05
Ni07,30.950000000000003,0.000106
Ni07,31.05,0.000174
Ni07,31.150000000000002,0.00027333333333333333
Ni07,31.25,0.000466
Ni07,31.35,0.0007383333333333334
Ni07,31.450000000000003,0.0011226666666666666
Ni07,31.55,0.0016826666666666667
Ni07,31.650000000000002,0.002403
Ni07,31.75,0.0034133333333333333
Ni07,31.85,0.004787
Ni07,31.950000000000003,0.006567666666666667
Ni07,32.05,0.009051333333333333
Ni07,32.150000000000006,0.011802
Ni07,32.25,0.015176666666666666
Ni07,32.35,0.019290333333333333
Ni07,32.45,0.023616
Ni07,32.55,0.028666
Ni07,32.650000000000006,0.033904666666666666
Ni07,32.75,0.03920266666666666
Ni07,32.85,0.044337
Ni07,32.95,0.049736666666666665
Ni07,33.05,0.05397933333333333
Ni07,33.150000000000006,0.057265666666666666
Ni07,33.25,0.059040666666666665
Ni07,33.35,0.059781666666666664
Ni07,33.45,0.059138333333333334
Ni07,33.55,0.057154
Ni07,33.650000000000006,0.05407633333333333
Ni07,33.75,0.050264
Ni07,33.85,0.046075
Ni07,33.95,0.04065133333333333
Ni07,34.05,0.035283
Ni07,34.150000000000006,0.029394
Ni07,34.25,0.024315333333333335
Ni07,34.35,0.019618333333333335
Ni07,34.45,0.015492333333333334
Ni07,34.55,0.011900666666666667
Ni07,34.650000000000006,0.008949
Ni07,34.75,0.006565333333333334
Ni07,34.85,0.004763666666666667
Ni07,34.95,0.003348
Ni07,35.05,0.002267
Ni07,35.150000000000006,0.0015156666666666667
Ni07,35.25,0.0009603333333333333
Ni07,35.35,0.0006346666666666666
Ni07,35.45,0.00038733333333333333
Ni07,35.55,0.00023733333333333335
Ni07,35.650000000000006,0.00012766666666666666
Ni07,35.75,7.166666666666667e-05
Ni07,35.85,4.066666666666667e-05
Ni07,35.95,2e-05
Ni07,36.05,1.1666666666666666e-05
Ni07,36.150000000000006,5e-06
Ni07,36.25,4e-06
Ni07,36.35,2e-06
Ni07,36.45,2e-06
Ni07,36.55,1.6666666666666667e-06
Ni07,36.650000000000006,3.3333333333333335e-07
Ni07,36.75,3.3333333333333335e-07
Sn07,30.05,6.666666666666667e-07
Sn07,30.150000000000002,3.3333333333333335e-07
Sn07,30.25,1.6666666666666667e-06
Sn07,30.35,5e-06
Sn07,30.450000000000003,1.5333333333333334e-05
Sn07,30.55,2.2e-05
Sn07,30.650000000000002,4.066666666666667e-05
Sn07,30.75,9.2e-05
Sn07,30.85,0.00011733333333333333
Sn07,30.950000000000003,0.00019933333333333334
Sn07,31.05,0.0003423333333333333
Sn07,31.150000000000002,0.0005256666666666667
Sn07,31.25,0.000885
Sn07,31.35,0.0013506666666666667
Sn07,31.450000000000003,0.0019523333333333333
Sn07,31.55,0.0027686666666666667
Sn07,31.650000000000002,0.003906333333333334
Sn07,31.75,0.005497
Sn07,31.85,0.007449666666666667
Sn07,31.950000000000003,0.010244333333333333
Sn07,32.05,0.013495
Sn07,32.150000000000006,0.016752
Sn07,32.25,0.021129333333333333
Sn07,32.35,0.026108
Sn07,32.45,0.031126666666666667
Sn07,32.55,0.036581
Sn07,32.650000000000006,0.041766333333333336
Sn07,32.75,0.046861
Sn07,32.85,0.052168
Sn07,32.95,0.056362
Sn07,33.05,0.058505
Sn07,33.150000000000006,0.05998733333333333
Sn07,33.25,0.06027433333333333
Sn07,33.35,0.058473333333333335
Sn07,33.45,0.055898
Sn07,33.55,0.05255833333333333
Sn07,33.650000000000006,0.04824833333333333
Sn07,33.75,0.04382433333333333
Sn07,33.85,0.038372666666666666
Sn07,33.95,0.031924
Sn07,34.05,0.026777333333333334
Sn07,34.150000000000006,0.021789
Sn07,34.25,0.017368666666666668
Sn07,34.35,0.013526333333333333
Sn07,34.45,0.010175
Sn07,34.55,0.007566666666666667
Sn07,34.650000000000006,0.005548666666666667
Sn07,34.75,0.00386
Sn07,34.85,0.0027256666666666666
Sn07,34.95,0.0017633333333333333
Sn07,35.05,0.0011916666666666666
Sn07,35.150000000000006,0.0007566666666666667
Sn07,35.25,0.000474
Sn07,35.35,0.00027233333333333336
Sn07,35.45,0.00017066666666666668
Sn07,35.55,9.766666666666666e-05
Sn07,35.650000000000006,4.766666666666667e-05
Sn07,35.75,2.5666666666666666e-05
Sn07,35.85,1.2666666666666667e-05
Sn07,35.95,7e-06
Sn07,36.05,3.3333333333333333e-06
Sn07,36.150000000000006,2.666666666666667e-06
Sn07,36.25,3.6666666666666666e-06
Sn07,36.35,1.3333333333333334e-06
Sn07,36.45,6.666666666666667e-07
Sn07,36.55,3.3333333333333335e-07
Ta07,29.85,3.3333333333333335e-07
Ta07,29.950000000000003,3.3333333333333335e-07
Ta07,30.05,1.3333333333333334e-06
Ta07,30.150000000000002,4.333333333333333e-06
Ta07,30.25,1.0333333333333333e-05
Ta07,30.35,1.633333333333333e-05
Ta07,30.450000000000003,3.4e-05
Ta07,30.55,6.166666666666667e-05
Ta07,30.650000000000002,0.00010633333333333333
Ta07,30.75,0.00015666666666666666
Ta07,30.85,0.00026766666666666665
Ta07,30.950000000000003,0.00043566666666666667
Ta07,31.05,0.000703
Ta07,31.150000000000002,0.0010753333333333333
Ta07,31.25,0.0016186666666666667
Ta07,31.35,0.0022873333333333335
Ta07,31.450000000000003,0.003269666666666667
Ta07,31.55,0.0045576666666666665
Ta07,31.650000000000002,0.006306666666666667
Ta07,31.75,0.008667333333333334
Ta07,31.85,0.011423666666666667
Ta07,31.950000000000003,0.014702
Ta07,32.05,0.018444
Ta07,32.150000000000006,0.022869333333333332
Ta07,32.25,0.027793666666666668
Ta07,32.35,0.033008
Ta07,32.45,0.03822
Ta07,32.55,0.04332833333333334
Ta07,32.650000000000006,0.04883733333333334
Ta07,32.75,0.05304333333333333
Ta07,32.85,0.056571333333333335
Ta07,32.95,0.058467
Ta07,33.05,0.059649
Ta07,33.150000000000006,0.059223
Ta07,33.25,0.057361333333333334
Ta07,33.35,0.05454666666666667
Ta07,33.45,0.050803666666666664
Ta07,33.55,0.046906
Ta07,33.650000000000006,0.041686
Ta07,33.75,0.036311
Ta07,33.85,0.030326333333333334
Ta07,33.95,0.025231333333333335
Ta07,34.05,0.020497333333333333
Ta07,34.150000000000006,0.01627
Ta07,34.25,0.012608666666666667
Ta07,34.35,0.009517666666666667
Ta07,34.45,0.0070673333333333335
Ta07,34.55,0.005117333333333333
Ta07,34.650000000000006,0.0036206666666666666
Ta07,34.75,0.002471
Ta07,34.85,0.0016636666666666666
Ta07,34.95,0.0010846666666666667
Ta07,35.05,0.0007156666666666666
Ta07,35.150000000000006,0.000433
Ta07,35.25,0.00025966666666666667
Ta07,35.35,0.000148
Ta07,35.45,8.866666666666666e-05
Ta07,35.55,5e-05
Ta07,35.650000000000006,2.3e-05
Ta07,35.75,1.3e-05
Ta07,35.85,6e-06
Ta07,35.95,3.6666666666666666e-06
Ta07,36.05,3e-06
Ta07,36.150000000000006,2.333333333333333e-06
Ta07,36.25,2e-06
Ta07,36.35,3.3333333333333335e-07
Ta07,36.45,3.3333333333333335e-07
Cu07,29.650000000000002,3.3333333333333335e-07
Cu07,29.75,3.3333333333333335e-07
Cu07,29.85,2e-06
Cu07,29.950000000000003,6e-06
Cu07,30.05,1.1666666666666666e-05
Cu07,30.150000000000002,2.1666666666666667e-05
Cu07,30.25,4.2e-05
Cu07,30.35,6.666666666666667e-05
Cu07,30.450000000000003,0.000119
Cu07,30.55,0.00018166666666666667
Cu07,30.650000000000002,0.00029233333333333336
Cu07,30.75,0.0004873333333333333
Cu07,30.85,0.00078
Cu07,30.950000000000003,0.0011763333333333333
Cu07,31.05,0.00173
Cu07,31.150000000000002,0.0024546666666666666
Cu07,31.25,0.0034846666666666667
Cu07,31.35,0.004846
Cu07,31.450000000000003,0.006652666666666667
Cu07,31.55,0.009082333333333333
Cu07,31.650000000000002,0.011881666666666667
Cu07,31.75,0.015232666666666667
Cu07,31.85,0.01905
Cu07,31.950000000000003,0.023511
Cu07,32.05,0.028427333333333332
Cu07,32.150000000000006,0.033498
Cu07,32.25,0.038747
Cu07,32.35,0.043763333333333335
Cu07,32.45,0.04905866666666667
Cu07,32.55,0.053227
Cu07,32.650000000000006,0.056609
Cu07,32.75,0.05830266666666667
Cu07,32.85,0.05928133333333333
Cu07,32.95,0.05872666666666667
Cu07,33.05,0.056781
Cu07,33.150000000000006,0.053932
Cu07,33.25,0.050247
Cu07,33.35,0.046191
Cu07,33.45,0.041049
Cu07,33.55,0.035749333333333334
Cu07,33.650000000000006,0.029892333333333333
Cu07,33.75,0.024848666666666668
Cu07,33.85,0.020184333333333332
Cu07,33.95,0.015995
Cu07,34.05,0.012433
Cu07,34.150000000000006,0.009380666666666667
Cu07,34.25,0.006966666666666667
Cu07,34.35,0.005066
Cu07,34.45,0.0036036666666666665
Cu07,34.55,0.0024373333333333335
Cu07,34.650000000000006,0.0016586666666666666
Cu07,34.75,0.001072
Cu07,34.85,0.0007153333333333333
Cu07,34.95,0.0004336666666666667
Cu07,35.05,0.000264
Cu07,35.150000000000006,0.00015233333333333334
Cu07,35.25,8.733333333333333e-05
Cu07,35.35,4.8e-05
Cu07,35.45,2.6666666666666667e-05
Cu07,35.55,1.3333333333333333e-05
Cu07,35.650000000000006,6e-06
Cu07,35.75,3.3333333333333333e-06
Cu07,35.85,3.3333333333333333e-06
Cu07,35.95,2.333333333333333e-06
Cu07,36.05,2e-06
Cu07,36.150000000000006,3.3333333333333335e-07
Cu07,36.25,3.3333333333333335e-07
